#revive,#rich,#vox_revive_rich,0,0,FALSE,FALSE,FALSE,TRUE
#revive,#take,#vox_revive_take,0,0,FALSE,FALSE,FALSE,TRUE
#revive,#niko,#vox_revive_niko,0,0,FALSE,FALSE,FALSE,TRUE
#revive,#demp,#vox_revive_demp,0,0,FALSE,FALSE,FALSE,TRUE
#revive,#support_rich,#vox_revive_support_rich,0,0,FALSE,FALSE,FALSE,TRUE
#revive,#support_take,#vox_revive_support_take,0,0,FALSE,FALSE,FALSE,TRUE
#revive,#support_niko,#vox_revive_support_niko,0,0,FALSE,FALSE,FALSE,TRUE
#revive,#support_demp,#vox_revive_support_demp,0,0,FALSE,FALSE,FALSE,TRUE
#kill,#headshot_rich,#hash_3ff3e25edc9909f5,0,0,FALSE,TRUE,FALSE,TRUE
#kill,#headshot_take,#hash_338bcfe29352db74,0,0,FALSE,TRUE,FALSE,TRUE
#kill,#headshot_niko,#hash_78f39eb49cbf2b08,0,0,FALSE,TRUE,FALSE,TRUE
#kill,#headshot_demp,#hash_7946cf731c23f92d,0,0,FALSE,TRUE,FALSE,TRUE
#kill,#streak_rich,#hash_51a5e29352426359,0,60,FALSE,FALSE,FALSE,TRUE
#kill,#streak_take,#hash_3a6e4ad9b87b4d0,0,60,FALSE,FALSE,FALSE,TRUE
#kill,#streak_niko,#hash_791cd5e2a651a194,0,60,FALSE,FALSE,FALSE,TRUE
#kill,#streak_demp,#hash_5ef3cc6ff179a7f1,0,60,FALSE,FALSE,FALSE,TRUE
#surrounded,#see_rich,#hash_628469263239024c,0,30,FALSE,FALSE,FALSE,TRUE
#surrounded,#see_take,#hash_860e8583c1f20eb,0,30,FALSE,FALSE,FALSE,TRUE
#surrounded,#see_niko,#hash_6f27ea9cd63947,0,30,FALSE,FALSE,FALSE,TRUE
#surrounded,#see_demp,#hash_7320b3ddcc86074,0,30,FALSE,FALSE,FALSE,TRUE
#kill,#flamethrower,#hash_2fa6aafdd5edf0f8,0,0,FALSE,TRUE,FALSE,FALSE
#kill,#katana,#hash_4f14f73e8a0ea8a5,0,0,FALSE,TRUE,FALSE,FALSE
#kill,#gravityspikes,#hash_2d103bc4c58118dd,0,20,FALSE,FALSE,FALSE,FALSE
#hero_activate,#flamethrower,#vox_hellfire_active,40,0,FALSE,TRUE,FALSE,FALSE
#hero_activate,#minigun,#vox_overkill_active,40,0,FALSE,TRUE,FALSE,FALSE
#hero_activate,#katana,#vox_path_sorrow_active,40,0,FALSE,TRUE,FALSE,FALSE
#hero_activate,#gravityspikes,#vox_dg5_active,40,0,FALSE,TRUE,FALSE,FALSE
#hero_ready,#flamethrower,#vox_hellfire_ready,0,0,FALSE,FALSE,FALSE,FALSE
#hero_ready,#minigun,#vox_overkill_ready,0,0,FALSE,FALSE,FALSE,FALSE
#hero_ready,#katana,#vox_path_sorrow_ready,0,0,FALSE,FALSE,FALSE,FALSE
#hero_ready,#gravityspikes,#vox_dg5_ready,0,0,FALSE,FALSE,FALSE,FALSE
#hero_level_2,#flamethrower,#vox_hellfire_level_2,0,0,TRUE,FALSE,FALSE,FALSE
#hero_level_2,#minigun,#vox_overkill_level_2,0,0,TRUE,FALSE,FALSE,FALSE
#hero_level_2,#katana,#vox_path_sorrow_level_2,0,0,TRUE,FALSE,FALSE,FALSE
#hero_level_2,#gravityspikes,#vox_dg5_level_2,0,0,TRUE,FALSE,FALSE,FALSE
#hero_level_3,#flamethrower,#vox_hellfire_level_3,0,0,TRUE,FALSE,FALSE,FALSE
#hero_level_3,#minigun,#vox_overkill_level_3,0,0,TRUE,FALSE,FALSE,FALSE
#hero_level_3,#katana,#vox_path_sorrow_level_3,0,0,TRUE,FALSE,FALSE,FALSE
#hero_level_3,#gravityspikes,#vox_dg5_level_3,0,0,TRUE,FALSE,FALSE,FALSE