type,name
vehicle,#hash_3c7ad3f215cfc8d5
vehicle,#hash_7774be8a9a5c21ad
model,#p7_fxanim_gp_fan_electric_wall_01_mod
model,#p8_stuffed_bull_bagged_black
model,#p8_food_vegetable_carrot_cap_crate
model,#p8_food_vegetable_cauliflower_pile_crate_dmg
model,#p8_stuffed_bull
model,#p8_food_cheese_wedge_brie
model,#c_t8_zmb_3rdclass_male_hat1
model,#hash_29b261cf0f3a992
model,#veh_t8_civ_van_utility_dest_spain_painter
model,#p8_food_fruit_kiwi
model,#p7_diner_table_ketchup
model,#p8_flower_pot_01_plant
model,#hash_3762f424c5433d9
model,#p8_camera_instant_open
model,#p8_food_fruit_orange
model,#p8_mp_bomb_crate_palette
model,#hash_42869dc8a97b4be
model,#p8_def_bar_billiard_ball_04
model,#p8_def_bar_billiard_ball_01
model,#p8_def_bar_billiard_ball_14
model,#p8_def_bar_billiard_ball_11
model,#p8_food_fruit_banana
model,#p7_fxanim_gp_wire_sparking_med_thick_mod
model,#c_t8_zmb_3rdclass_male_body1_g_rlegoff
model,#p8_glassware_wine_glass
model,#p7_bottle_plastic_soap_blue_clean
model,#p8_food_fruit_pineapple
model,#p7_bottle_plastic_16oz_lime
model,#p7_bucket_plastic_small_white_used
model,#p7_ceramic_tile_shower_loose_01
model,#p7_container_bottle_wine_01
model,#p8_flower_pot_03_piece_01
model,#p8_flower_pot_03_piece_02
model,#p8_spa_monastery_arch_window_destroyed_glass_single_06
model,#p8_spa_monastery_arch_window_destroyed_glass_single_10
model,#fx_char_gib_chunk_meat01
model,#fx_char_gib_chunk_meat03
model,#fx_char_gib_chunk_meat02
model,#p8_spa_postcard_stacks_01
model,#p8_spa_postcard_stacks_02
model,#p7_trash_bin_small_01_black_dirty
model,#p8_coffee_maker_digital_pot_dmg
model,#p8_mp_bomb_stack
model,#p7_dinnerware_01_knife
model,#p7_fxanim_gp_trash_bag_small_01_white_s3_mod
model,#c_t8_zmb_3rdclass_male_body3_s_lleg
model,#p8_fxp_fluid_tendril_2_water
model,#hash_c00765a22c360e4
model,#p8_def_bar_billiard_ball
model,#p7_fxp_debris_metal_scrap_01
model,#p7_fxp_debris_metal_scrap_02
model,#p8_debris_trash_cup_coffee_01
model,#c_t8_zmb_blightfather_tongue2
model,#p7_mp_bomb_stack
model,#p8_fxp_fluid_splash_mud
model,#hash_dedfff415786617
model,#c_t8_zmb_blightfather_eggsack1_ri_noreveal
model,#p8_food_pastry_churro
model,#p8_food_fruit_mango
model,#p8_food_fruit_orange_cap_crate_dmg
model,#p8_food_vegetable_carrot
model,#c_t8_zmb_3rdclass_male_body2_g_larmoff
model,#p8_stuffed_donkey_bagged_pink
model,#p7_food_cheese_wheel_sml_qtr_red
model,#p7_food_fruit_banana_bunch_dmg_01a
model,#p7_food_cheese_wheel_lrg_slice_red
model,#p8_food_pastry_miguelito
model,#p7_fir_ball_sports_soccer
model,#veh_t8_mil_tank_decals_attach
model,#p8_fxanim_gp_furnish_roof_kiosk_mod
model,#c_t8_zmb_3rdclass_male_body3_s_rleg
model,#p8_col_sandal_rt_yellow
model,#hash_16eadde339811478
model,#p8_food_fruit_papaya_cap_crate
model,#p8_fxanim_gp_light_hanging_billiard_01_mod
model,#p8_food_spice_storage_sugar_bag_green
model,#p7_ntx_blue_house_kitchen_metal_jar_tall
model,#p7_zm_ctl_dinnerware_vintage_bowl_med
model,#c_t7_mp_battery_mpc_fb1_skin1
model,#p7_zm_ctl_dinnerware_vintage_teacup
model,#p8_crate_wood_short_01
model,#p8_food_fruit_kiwi_cap_crate_dmg
model,#p7_light_lamp_desk_vintage_01_chain
model,#c_t8_zmb_blightfather_mouth_dmg1
model,#hash_1bb86c3b97cda02c
model,#p7_food_cheese_wheel_lrg_whole_red
model,#p7_debris_trash_food_box_03
model,#p7_debris_trash_food_box_02
model,#p7_ntx_glassware_martini_01
model,#p8_food_fruit_pear_sgl
model,#p8_food_pastry_palmera
model,#p7_mp_bomb_stack_destroyed
model,#p7_world_globe_vintage_globe_01
model,#p8_stuffed_dragon_yellow
model,#fx_char_gib_chunk_flesh02
model,#fx_char_gib_chunk_flesh03
model,#c_t8_zmb_blightfather_elbow1_le_noreveal
model,#p7_diner_table_pepper
model,#p8_flower_pot_04_plant
model,#p8_bottle_plastic_16oz_01
model,#fx_decal_burnt_paper
model,#p8_spa_bucket_metal_01
model,#p8_col_sandal_rt_white
model,#p8_fxanim_gp_rollup_blinds_long_01_mod
model,#p8_mp_bomb_crate_open
model,#c_t8_zmb_3rdclass_male_body1_g_upclean
model,#p8_mp_bomb_crate_single
model,#p8_flower_pot_04
model,#p8_flower_pot_02
model,#p8_flower_pot_03
model,#p8_flower_pot_01
model,#p8_light_bulb_vintage_00
model,#c_t8_zmb_3rdclass_male_head4
model,#c_t8_zmb_3rdclass_male_head1
model,#c_t8_zmb_3rdclass_male_head2
model,#c_t8_zmb_3rdclass_male_head3
model,#p7_debris_trash_bottle_water_02
model,#p8_food_fruit_strawberry_cap_crate
model,#p8_col_sandal_lt_yellow
model,#p7_glassware_whiskey_01
model,#p8_fxp_fluid_splash_blood
model,#hash_247d2aa31ad45b8b
model,#p8_food_cheese_disc_smoked
model,#p8_food_jar_oil_olive_full
model,#p7_light_lamp_desk_vintage_01_shade_broken
model,#p8_food_vegetable_carrot_cap_crate_dmg
model,#c_t8_zmb_1stclass_male_body1_g_larmoff
model,#c_t8_zmb_blightfather_eggsack1_both_noreveal
model,#p7_ris_bucket_plastic_5_gal_bucket_paint
model,#veh_t8_civ_license_plate_back_california_truck_blk
model,#p7_zur_coffee_bag_01_brown
model,#p7_food_cheese_wheel_lrg_qtr_yellow
model,#p8_flower_pot_hanging_02_soil
model,#p8_flower_pot_03_plant
model,#p8_stuffed_dragon_green_drk
model,#p8_food_fruit_mango_cap_box_full
model,#p8_fxanim_gp_light_vintage_hanging_02_mod
model,#p7_ban_bottle_glass_liquor_03
model,#c_t8_zmb_blightfather_mouth_noreveal
model,#c_t8_zmb_3rdclass_male_body3_s_larm
model,#p7_food_cheese_roll_slice_red
model,#veh_t8_civ_van_utility_spain_painter_dead
model,#p7_diner_table_napkin_clean
model,#fx_watermelonchunk_01
model,#p7_debris_rockychunks_small_01
model,#p7_debris_rockychunks_small_12
model,#hash_2b62cce84557b237
model,#p7_fir_bottle_liquor_01
model,#p7_bottle_glass_wine_open_01
model,#p7_debris_trash_cup_red_01
model,#p7_ntx_bowl_kitchen_metal_01
model,#p7_cue_stick_wood
model,#p7_gib_chunk_fat
model,#p8_food_fruit_strawberry_cap_crate_dmg
model,#p7_food_bread_zopf
model,#p8_food_fruit_apple
model,#p8_flower_pot_02_plant
model,#p8_food_spice_storage_square_tin_sml
model,#hash_317f0ed09c9a8680
model,#p7_fxanim_gp_trash_bag_large_03_white_s3_mod
model,#p8_camera_instant_flash
model,#c_t8_zmb_3rdclass_male_body1_g_blegsoff
model,#p7_food_cheese_wheel_sml_slice_red
model,#p7_zm_ctl_stein_beer_oneq
model,#c_t8_zmb_3rdclass_male_body1_g_lowclean
model,#p7_dinnerware_01_spoon
model,#p8_box_cardboard_c_open02
model,#p7_zm_ctl_book_vintage_open_02
model,#p7_zm_ctl_book_vintage_open_01
model,#p7_wes_food_jar_candy_04
model,#p8_foliage_flower_kiosk_carnation_yellow_full_dmg
model,#p8_food_fruit_orange_single
model,#c_t8_zmb_1stclass_male_body1_g_rarmoff
model,#p7_food_cheese_wheel_sml_whole_red
model,#p8_flower_pot_03_flower
model,#p8_food_fruit_strawberry_single
model,#p7_zm_ctl_dinnerware_vintage_plate_ornate_med
model,#p8_mp_flag_base_light_fixture_1
model,#p8_flower_pot_04_piece_01
model,#p8_flower_pot_04_piece_02
model,#p8_fxp_fluid_droplet_blood
model,#p8_food_spice_storage_square_tin_sml_white
model,#veh_t8_civ_van_utility_spain_painter
model,#hash_37b92b38027b55ff
model,#p8_sign_wet_floor_closed
model,#hash_383804c236f4b608
model,#p7_ban_debris_trash_can_cola_01
model,#hash_38d2019993403ab4
model,#p8_fxanim_gp_pigeon_01_mod
model,#p7_fxanim_gp_fan_electric_standing_01_mod
model,#c_t8_zmb_blightfather_body1_gib
model,#fx_watermelonmeat_02
model,#hash_3b53fba9d42f25a7
model,#p7_gib_chunk_flesh_01
model,#p7_gib_chunk_flesh_03
model,#p7_gib_chunk_flesh_02
model,#p7_cleaning_paper_folded_half
model,#c_t8_zmb_3rdclass_male_body2
model,#c_t8_zmb_3rdclass_male_body3
model,#c_t8_zmb_3rdclass_male_body1
model,#p8_light_bulb_vintage_02_no_glass
model,#p8_flower_pot_04_flower
model,#p8_food_spice_storage_cylindrical_tin_white
model,#p7_ntx_blue_house_kitchen_metal_jar_large
model,#p7_cleaning_paper_towel_roll
model,#p8_fxp_fluid_tendril_1_water
model,#p8_spa_mask_festival_man_01_alt
model,#p8_food_jar_olives_closed_full
model,#p7_ntx_glassware_wine_01
model,#c_t7_mp_technomancer_mpc_fb1_skin1
model,#p8_tray_display_dome_tall
model,#p7_food_cheese_roll_slice_yellow
model,#p7_food_cheese_wheel_sml_whole_yellow
model,#p7_cup_coffee_paper
model,#p8_food_spice_storage_sugar_bag_yellow
model,#p7_gib_chunk_bone_01
model,#p7_gib_chunk_bone_03
model,#p7_gib_chunk_bone_02
model,#p7_bottle_glass_sparkling_water
model,#c_t8_zmb_3rdclass_male_body3_s_rarm
model,#veh_t7_mil_apc
model,#p8_food_fruit_orange_cap_box_full
model,#p8_food_fruit_papaya
model,#veh_t8_civ_license_plate_front_california_truck_blk
model,#c_t7_mp_warrior_mpc_fb1_skin1
model,#p8_food_fruit_pineapple_dmg_top
model,#p8_pot_iron_hanging_mount
model,#p8_fxanim_gp_fan_electric_wall_allstates_mod
model,#p8_flower_pot_04_soil
model,#p7_trash_bin_small_01_blue
model,#p7_food_cheese_wheel_lrg_half_red
model,#c_t8_zmb_3rdclass_male_body2_g_upclean
model,#p8_foliage_flower_african_daisies_sml_b
model,#c_t8_zmb_blightfather_elbow1_ri_noreveal
model,#p8_food_fruit_banana_pile_crate_dmg
model,#p7_food_fruit_pineapple_01b_dmg
model,#p7_anim_cup_glass_tumbler
model,#p8_foliage_flower_kiosk_carnation_yellow_dmg
model,#p7_kitchen_tongs
model,#p7_food_jar_jam_sml_02
model,#p7_food_jar_jam_sml_03
model,#p8_mp_bomb_crate_whole_destroyed
model,#p8_food_fruit_watermelon_pile_02
model,#p7_debris_trash_paperbag_01
model,#p7_food_cheese_wheel_lrg_whole_yellow
model,#p7_food_cheese_wheel_sml_slice_yellow
model,#p8_flower_pot_01_dmg_full
model,#p8_col_sandal_lt_white
model,#p8_food_spice_storage_square_tin_lrg
model,#p7_debris_trash_snack_bag_03
model,#p8_spa_mask_festival_monkey_01
model,#p8_food_fruit_banana_single
model,#p7_bottle_glass_liquor_04
model,#p7_bottle_glass_liquor_01
model,#p7_bottle_glass_liquor_02
model,#p7_bottle_glass_liquor_03
model,#fx_char_gib_chunk_bone02
model,#fx_char_gib_chunk_bone03
model,#fx_char_gib_chunk_bone01
model,#p7_debris_trash_cup_coffee_02
model,#c_t8_zmb_3rdclass_male_body1_g_larmoff
model,#projectile_t8_drone_amws_missile
model,#p7_food_cheese_wheel_lrg_slice_yellow
model,#skybox_default_day
model,#p8_coffee_maker_digital_pot
model,#p8_food_fruit_kiwi_cap_crate
model,#hash_5046fb0f57f769a4
model,#p8_food_spice_storage_square_tin_lrg_flour
model,#p7_food_cheese_wheel_sml_half_red
model,#p8_food_spice_storage_sugar_bag_white
model,#p7_light_lamp_desk_vintage_01_shade
model,#p7_book_vintage_02
model,#p7_book_vintage_01
model,#p7_book_vintage_06
model,#p7_book_vintage_04
model,#p7_book_vintage_05
model,#p8_crate_wood_milk_01
model,#p8_cup_mug_ceramic_02
model,#p8_cup_mug_ceramic_01
model,#p7_zm_ctl_dinnerware_vintage_plate_lrg
model,#p8_flower_pot_03_dmg_full
model,#p8_food_cheese_wedge_swiss
model,#p8_wz_supply_stash_health
model,#p8_sun_hat_04
model,#p8_sun_hat_03
model,#p8_sun_hat_02
model,#p8_food_cheese_disc_manchengo
model,#wpn_t8_eqp_briefcase_bomb_stow
model,#p8_pot_iron_hanging_01
model,#p8_food_spice_storage_circular_tin
model,#hash_5460e52c1b7bfbb7
model,#c_t8_zmb_blightfather_body1_noreveal
model,#p8_mp_flag_pole_1
model,#p8_flower_pot_02_soil
model,#p8_fxanim_gp_rollup_blinds_short_01_mod
model,#p7_diner_table_mustard
model,#c_t8_zmb_3rdclass_male_body1_g_llegoff
model,#p8_flower_pot_hanging_02_full
model,#p8_food_vegetable_cauliflower
model,#p7_clipboard_01_wpaper
model,#hash_567da8dab105dab3
model,#veh_t8_civ_license_plate_front_spain_truck_gry_met
model,#p8_mp_flag_base_1
model,#p8_mp_bomb_crate_brace
model,#p8_food_spice_storage_circular_tin_white
model,#p8_stuffed_donkey_pink
model,#p8_tray_display_dome_short
model,#p7_cup_coffee_mug
model,#c_t8_zmb_blightfather_head1_noreveal
model,#p8_flower_pot_01_flower
model,#veh_t8_destructible_glass_02_red
model,#p7_debris_trash_paper_plate_01
model,#p7_food_bread_beer
model,#p7_book_vintage_open_01
model,#p8_sign_wet_floor
model,#veh_t8_mil_tank_tread_left_scroll_attach
model,#p8_food_cheese_wedge_cheddar
model,#fx_decal_burnt_paper2
model,#fx_decal_burnt_paper3
model,#p8_kitchen_kettle_ceramic_lid_metal
model,#p8_stuffed_dragon
model,#veh_t8_civ_license_plate_back_spain_truck_gry_met
model,#p7_food_bread_baguette_med
model,#p7_gib_chunk_meat_01
model,#p7_gib_chunk_meat_02
model,#p7_gib_chunk_meat_03
model,#p7_food_fruit_watermelon_dmg_01b
model,#p7_food_fruit_watermelon_dmg_01c
model,#p7_food_fruit_watermelon_dmg_01a
model,#p8_food_fruit_mango_cap_crate_dmg
model,#p8_stuffed_donkey_white
model,#p7_ntx_blue_house_kitchen_metal_jar_medium
model,#p7_zur_coffee_bag_02_gold
model,#p7_diner_table_salt
model,#p8_food_jar_olives_open_half_full
model,#c_t8_zmb_3rdclass_male_body1_g_rarmoff
model,#p8_foliage_flower_kiosk_carnation_yellow_full
model,#p7_food_pretzel
model,#p8_food_fruit_pineapple_dmg_btm
model,#p8_fxp_fluid_droplet_mud
model,#p7_fxp_debris_rock_01
model,#p7_fxp_debris_rock_02
model,#p7_fxp_debris_rock_03
model,#p7_fxp_debris_rock_05
model,#hash_60fbca5bcf1c16fc
model,#p8_food_spice_storage_cylindrical_tin
model,#p7_cai_cookware_metal_tray
model,#p7_fxp_debris_car_glass_shatter_02
model,#p7_fxp_debris_car_glass_shatter_03
model,#p7_fxp_debris_car_glass_shatter_01
model,#p7_fxp_debris_wood_splinter_02
model,#p7_fxp_debris_wood_splinter_03
model,#p7_fxp_debris_wood_splinter_01
model,#p7_food_bread_baguette_sml
model,#veh_t8_destructible_glass_01
model,#veh_t8_destructible_glass_02
model,#veh_t8_destructible_glass_03
model,#c_t8_zmb_3rdclass_male_body2_g_rarmoff
model,#p8_fxp_fluid_droplet_water
model,#p8_food_pastry_bunuelo
model,#hash_645978f2dec69f88
model,#p8_food_fruit_orange_cap_crate
model,#p8_fxanim_gp_banner_monastery_burnt_02_mod
model,#p8_food_fruit_papaya_cap_crate_dmg
model,#p8_book_office_sml_beige
model,#p7_food_jar_jam_lrg_03
model,#p7_food_jar_jam_lrg_02
model,#p7_food_jar_jam_lrg_01
model,#veh_t8_civ_van_dirt_attachment
model,#p7_bottle_glass_wine_01
model,#p7_box_copy_paper_sheet
model,#p7_bartop_glass_wine
model,#p8_food_pastry_empanadillo
model,#p8_food_olive_oil_bottle_01
model,#p8_food_olive_oil_bottle_02
model,#p8_food_fruit_banana_pile_crate
model,#c_t8_zmb_1stclass_male_body1
model,#p8_food_fruit_pineapple_pile_01
model,#p8_food_fruit_pineapple_pile_02
model,#p8_food_vegetable_cayenne_pepper_single
model,#p7_ris_bucket_plastic_5_gal_bucket_paint_grey
model,#p8_spa_mask_festival_cat_01
model,#p7_food_cheese_wheel_sml_half_yellow
model,#p8_flower_pot_02_dmg_full
model,#c_t8_zmb_3rdclass_male_body3_g_rarmoff
model,#c_t8_zmb_3rdclass_male_body1_g_behead
model,#p8_food_fruit_pear_cap_crate_dmg
model,#p8_mp_bomb_crate_clamp
model,#p8_foliage_flower_kiosk_bucket_piece_02
model,#p8_foliage_flower_kiosk_bucket_piece_01
model,#p8_flower_pot_02_piece_02
model,#p8_flower_pot_02_piece_01
model,#p8_food_fruit_apple_cap_crate
model,#p8_fire_extinguisher_01
model,#p8_food_fruit_watermelon_pile_01_b
model,#p7_food_cheese_wheel_lrg_half_yellow
model,#p8_food_fruit_pineapple_dmg_chunk_01
model,#p8_food_fruit_pineapple_dmg_chunk_02
model,#p7_spl_bottles_pirate_rum
model,#veh_t8_civ_van_utility_dest_attach
model,#p8_fire_extinguisher_01_dmg_01
model,#c_t8_zmb_blightfather_body1
model,#p7_fxp_debris_newspaper_01
model,#p7_zm_ctl_book_vintage_row_01
model,#p8_box_cardboard_fruit_01
model,#hash_7199085fbfc8ee81
model,#p7_bottle_glass_wine_broken_01
model,#p7_bottle_glass_wine_broken_02
model,#p8_col_sandal_rt_stripe_02
model,#hash_729305fe7e647db5
model,#veh_t8_civ_license_plate_mount_long
model,#p8_col_sandal_rt_blue
model,#p8_coffee_maker_digital_pot_dmg_piece_03
model,#p8_coffee_maker_digital_pot_dmg_piece_02
model,#p8_coffee_maker_digital_pot_dmg_piece_01
model,#hash_7356cabe42bf7a67
model,#p8_food_fruit_orange_cap_box_full_dmg
model,#veh_t8_destructible_glass_01_red
model,#p8_food_fruit_apple_cap_crate_dmg
model,#p8_food_fruit_mango_cap_box_full_dmg
model,#p8_kitchen_kettle_ceramic_blue
model,#p7_cup_coffee_mug_01_grey
model,#p7_bucket_plastic_5_gal_lid_blue
model,#fx_glass_piece02
model,#fx_glass_piece01
model,#p8_food_fruit_pear_cap_crate
model,#p8_col_sandal_lt_blue
model,#p8_food_spice_storage_square_tin_lrg_white
model,#hash_75ab2f7694cec6dd
model,#p8_flower_pot_02_flower
model,#p7_mp_flag_neutral
model,#p8_food_fruit_watermelon
model,#p7_food_bread_pane
model,#c_t8_zmb_blightfather_eggsack1_le_noreveal
model,#p8_food_vegetable_cauliflower_pile_crate
model,#c_t8_zmb_3rdclass_male_body3_g_larmoff
model,#p8_fxanim_gp_light_vintage_hanging_01_mod
model,#p8_food_fruit_pear
model,#p8_fxanim_gp_rat_01_mod
model,#p7_bottle_plastic_16oz_cola
model,#p7_basket_wicker_01
model,#c_t8_zmb_3rdclass_male_body3_g_upclean
model,#veh_t8_civ_van_utility_attach
model,#p8_fxanim_gp_flowers_potted_hanging_01_mod
model,#p7_food_fruit_pineapple_01c_dmg
model,#p8_mp_flag_base_boots_1
model,#p8_food_jar_olives_contents_02
model,#p8_col_sandal_lt_stripe_02
model,#p8_col_sandal_lt_stripe_03
model,#p8_box_cardboard_c_closed_damaged
model,#p7_eth_decor_01_statue_elephant
model,#p8_wz_supply_stash_ammo
model,#c_t8_zmb_1stclass_male_body1_g_upclean
model,#p8_tray_display_dome_tray_stand
model,#p7_food_cheese_wheel_lrg_qtr_red
model,#p8_fxanim_gp_fan_electric_wall_mod
model,#p7_bottle_plastic_16oz_water
model,#p8_flower_pot_04_dmg_full
model,#p7_debris_trash_wrapper_01
model,#p7_debris_trash_wrapper_03
model,#veh_t8_mil_tank_tread_right_scroll_attach
model,#p8_mp_bomb_crate_whole
model,#p7_ntx_glassware_tumbler_01
model,#p7_office_paper_sheet_10
model,#p7_office_paper_sheet_12
model,#p7_office_paper_sheet_09
model,#p7_office_paper_sheet_08
model,#p7_office_paper_sheet_03
model,#p7_office_paper_sheet_02
model,#p8_fxanim_gp_seagull_01_mod
model,#p7_dinnerware_01_fork
model,#p8_food_fruit_mango_cap_crate
model,#p8_food_pastry_xuixo
model,#veh_t8_destructible_glass_03_red
aitype,#spawner_mp_blight_father
aitype,#spawner_boct_zombie_mp
character,#c_t8_zmb_1stclass_male1
character,#c_t8_zmb_3rdclass_male1
character,#c_t8_zmb_3rdclass_male3
character,#c_t8_zmb_3rdclass_male2
character,#c_t8_zmb_blightfather1_noreveal
xmodelalias,#hash_612e15b05a54b6c5
weapon,#blight_father_melee_mp
weapon,#quadtank_main_turret_player
weapon,#zombie_ai_defaultmelee
rumble,#quadtank_fire_player
shellshock,#tankblast
statuseffect,#chaos_missile_damage
xcam,#ui_cam_draft_common
xcam,#ui_cam_match_intro_seaside_allies
xcam,#ui_cam_match_intro_seaside_axis
xcam,#ui_cam_draft_common_zoom
xcam,#ui_cam_endgame_mp_common
xcam,#ui_cam_mp_endgame_common
xcam,#ui_cam_endgame_mp_apartments
destructible,#veh_t8_civ_van_utility_destructible_spain_painter
destructible,#p8_fxanim_gp_fan_electric_wall_ddef
xanim,#ai_zombie_base_walk_au_v10_pain_chest_f
xanim,#ai_zombie_base_walk_au_v5_pain_chest_f
xanim,#p8_fxanim_gp_light_vintage_hanging_01_s3_anim
xanim,#ai_zombie_base_run_ad_v21_pain_chest_f
xanim,#ai_zombie_zod_crawl_stunned_electrobolt_e
xanim,#ai_zombie_zod_crawl_stunned_electrobolt_d
xanim,#ai_zombie_zod_crawl_stunned_electrobolt_a
xanim,#ai_zombie_zod_crawl_stunned_electrobolt_c
xanim,#ai_zombie_zod_crawl_stunned_electrobolt_b
xanim,#hash_2e5b389e5482bdf
xanim,#ai_zombie_base_walk_ad_v23_pain_chest_f
xanim,#hash_4296f7967d5411a
xanim,#ai_zombie_base_sprint_ad_v22_pain_chest_f
xanim,#ai_t8_zm_zod_bltfthr_trv_mantle_128
xanim,#ai_zombie_base_run_au_v5_pain_chest_f
xanim,#hash_60f6b315162cca7
xanim,#ai_zombie_base_walk_ad_v22_pain_chest_f
xanim,#ai_zombie_base_walk_ad_v1_pain_chest_f
xanim,#ai_t8_zm_zod_bltfthr_pain_stun_out
xanim,#p8_fxanim_gp_pigeon_standing_03_anim
xanim,#ai_t8_zm_zod_bltfthr_trv_jump_dn_36
xanim,#ai_t8_zm_zod_bltfthr_trv_jump_dn_48
xanim,#ai_t8_zm_zod_bltfthr_trv_jump_dn_72
xanim,#ai_t8_zm_zod_bltfthr_trv_jump_dn_96
xanim,#p8_fxanim_gp_seagull_circle_02_anim
xanim,#ai_zombie_base_sprint_ad_v5
xanim,#ai_zombie_base_sprint_ad_v1
xanim,#ai_zombie_base_sprint_ad_v2
xanim,#ai_zombie_base_sprint_au_v21_pain_chest_f
xanim,#hash_854bba04b1d5986
xanim,#hash_8db421f6e3d107e
xanim,#ai_zombie_smash_react_getup
xanim,#ai_zombie_base_walk_ad_v19_pain_chest_f
xanim,#hash_9dad66b4d79ebc6
xanim,#hash_9e5f805027dcaa5
xanim,#hash_a2690300fb44a29
xanim,#hash_a4b7e17cb42959b
xanim,#pb_rifle_endgame_2ndplace_idle
xanim,#ai_t8_zm_zod_bltfthr_pain_knockdown_f_01
xanim,#bo3_ai_zombie_taunts_4
xanim,#p8_fxanim_mp_seaside_rats_cheesery_02_anim
xanim,#ai_t8_zm_zombie_base_walk_attack_09
xanim,#ai_t8_zm_zombie_base_walk_attack_08
xanim,#ai_t8_zm_zombie_base_walk_attack_03
xanim,#ai_t8_zm_zombie_base_walk_attack_02
xanim,#ai_t8_zm_zombie_base_walk_attack_01
xanim,#ai_t8_zm_zod_bltfthr_melee_swipe_right
xanim,#hash_c2e545a769d74da
xanim,#hash_d5fe406e4d15c48
xanim,#ai_zombie_base_run_turn_45_l_v2
xanim,#hash_df7744a0d52ca08
xanim,#ai_zombie_base_sprint_turn_45_l_v2
xanim,#ai_zombie_base_run_ad_v22_pain_chest_f
xanim,#ai_zombie_base_walk_ad_v24_pain_chest_f
xanim,#ai_t8_zm_zod_bltfthr_stn_turn_r_135
xanim,#ai_zombie_base_crawl_sprint_v2
xanim,#ai_zombie_base_crawl_sprint_v1
xanim,#ai_t8_zm_zod_bltfthr_stn_turn_r_180
xanim,#p8_fxanim_gp_rollup_blinds_short_01_anim
xanim,#hash_10274b34b30a6d9d
xanim,#ai_t8_zm_zod_bltfthr_trv_jump_up_36
xanim,#ai_t8_zm_zod_bltfthr_trv_jump_up_48
xanim,#ai_t8_zm_zod_bltfthr_trv_jump_up_72
xanim,#ai_t8_zm_zod_bltfthr_trv_jump_up_96
xanim,#ai_zombie_base_walk_au_v6_pain_chest_f
xanim,#hash_11be9aa4823c5a1b
xanim,#ai_zombie_base_walk_turn_45_r_v2
xanim,#ai_zombie_base_run_turn_90_l_v3
xanim,#hash_135b45caec979373
xanim,#ai_t8_zm_zod_bltfthr_pain_knockdown_l_01
xanim,#pb_rifle_endgame_3rdplace_idle
xanim,#ai_zm_dlc1_zombie_jump_up_lowg_v1
xanim,#ai_zombie_base_run_ad_v8_pain_chest_f
xanim,#hash_15071f2849c1c51e
xanim,#ai_zombie_base_run_ad_v8
xanim,#ai_zombie_base_run_ad_v1
xanim,#ai_zombie_base_run_ad_v2
xanim,#ai_zombie_base_run_ad_v4
xanim,#ai_zombie_base_run_ad_v7
xanim,#p8_fxanim_mp_seaside_rats_winery_03_anim
xanim,#ai_zombie_base_walk_ad_v3
xanim,#ai_zombie_base_walk_ad_v2
xanim,#ai_zombie_base_walk_ad_v1
xanim,#ai_zombie_base_walk_ad_v7
xanim,#ai_zombie_base_walk_ad_v6
xanim,#ai_zombie_base_walk_ad_v5
xanim,#ai_zombie_base_walk_ad_v4
xanim,#ai_zombie_base_sprint_au_v2_pain_chest_f
xanim,#ai_zombie_base_walk_au_pain_head_v1
xanim,#ai_t8_zm_zombie_base_attack_14
xanim,#ai_t8_zm_zombie_base_attack_15
xanim,#ai_t8_zm_zombie_base_attack_12
xanim,#ai_t8_zm_zombie_base_attack_13
xanim,#ai_t8_zm_zombie_base_attack_10
xanim,#ai_t8_zm_zombie_base_attack_11
xanim,#hash_17975a6c2372fe67
xanim,#ai_t8_zm_zombie_base_attack_09
xanim,#ai_t8_zm_zombie_base_attack_08
xanim,#ai_t8_zm_zombie_base_attack_01
xanim,#ai_t8_zm_zombie_base_attack_03
xanim,#ai_t8_zm_zombie_base_attack_02
xanim,#ai_t8_zm_zombie_base_attack_05
xanim,#ai_t8_zm_zombie_base_attack_04
xanim,#ai_t8_zm_zombie_base_attack_07
xanim,#ai_t8_zm_zombie_base_attack_06
xanim,#ai_zombie_base_walk_ad_v23
xanim,#ai_zombie_base_walk_ad_v22
xanim,#ai_zombie_base_walk_ad_v21
xanim,#ai_zombie_base_walk_ad_v20
xanim,#ai_zombie_base_walk_ad_v25
xanim,#ai_zombie_base_walk_ad_v24
xanim,#ai_zombie_base_walk_ad_v19
xanim,#hash_17dd3bf518e65877
xanim,#hash_17dd41f518e662a9
xanim,#hash_17eb3bf518f295d3
xanim,#hash_17eb59f518f2c8cd
xanim,#hash_185425e614713c55
xanim,#ai_zombie_base_sprint_turn_180_r_v3
xanim,#ai_t8_zm_zod_bltfthr_stn_turn_r_45
xanim,#ai_zombie_smash_react_f_flatonback
xanim,#ai_t8_zm_zod_bltfthr_stn_turn_r_90
xanim,#p7_fxanim_gp_fan_electric_wall_01_oscillate_anim
xanim,#hash_1992faa613907549
xanim,#ai_zombie_base_sprint_turn_90_r_v2
xanim,#ai_zombie_base_sprint_au_v2
xanim,#ai_zombie_base_sprint_au_v1
xanim,#hash_1b2ed6b5bd0ff004
xanim,#ai_zombie_base_run_ad_v4_pain_chest_f
xanim,#hash_1c7d23d84e4f3b3d
xanim,#hash_1cc6ca9e89356f6b
xanim,#ai_zombie_base_sprint_ad_v21_pain_chest_f
xanim,#ai_zombie_base_walk_turn_180_r_v3
xanim,#hash_1e04fc5bb744133d
xanim,#ai_zombie_base_walk_au_v13
xanim,#ai_zombie_base_walk_au_v12
xanim,#ai_zombie_base_walk_au_v11
xanim,#ai_zombie_base_walk_au_v10
xanim,#ai_zombie_base_walk_au_v15
xanim,#ai_zombie_base_walk_au_v23
xanim,#ai_zombie_base_walk_au_v20
xanim,#ai_zombie_base_walk_au_v21
xanim,#ai_t8_zm_zod_bltfthr_trv_jump_dn_128
xanim,#ai_t8_zm_zod_bltfthr_trv_mantle_96
xanim,#ai_t8_zm_zod_bltfthr_trv_mantle_72
xanim,#ai_t8_zm_zod_bltfthr_trv_mantle_40
xanim,#ai_t8_zm_zod_bltfthr_trv_mantle_48
xanim,#ai_t8_zm_zod_bltfthr_trv_mantle_36
xanim,#ai_t8_zm_zod_bltfthr_melee_swipe_left
xanim,#ai_zombie_base_sprint_ad_v5_pain_chest_f
xanim,#ai_t8_zm_zod_bltfthr_stn_turn_l_180
xanim,#hash_1ff72c4c28c007a5
xanim,#ai_t8_zm_zod_bltfthr_stn_turn_l_135
xanim,#ai_zombie_smash_react_f_upontoback
xanim,#ai_t8_zm_zod_bltfthr_pain_getup_l_01
xanim,#hash_21382377a5dec1f4
xanim,#hash_2207407a9eb5f344
xanim,#ai_t8_zm_zombie_base_walk_react_l_01
xanim,#hash_235e0624eab1b5a3
xanim,#hash_24b357c9a2ff2932
xanim,#ai_zombie_base_sprint_au_v22_pain_chest_f
xanim,#ai_zombie_base_run_turn_180_r_v2
xanim,#ai_zombie_smash_react_b_faceplant
xanim,#hash_27ed1b58d50df7c9
xanim,#ai_t8_zombie_base_walk_pain_01
xanim,#ai_zombie_base_walk_au_pain_legs_v1
xanim,#ai_zombie_base_sprint_ad_v22
xanim,#ai_zombie_base_sprint_ad_v23
xanim,#ai_zombie_base_sprint_ad_v21
xanim,#ai_zombie_base_sprint_ad_v24
xanim,#bo3_ai_crew_cougar_passenger_idle
xanim,#p8_fxanim_gp_pigeon_standing_01_anim
xanim,#hash_2bf729aabb594f86
xanim,#ai_zombie_base_run_ad_v14_pain_chest_f
xanim,#hash_2ce0c3890fb6e3af
xanim,#ai_zombie_base_sprint_turn_135_l_v2
xanim,#ai_zombie_base_walk_au_v1
xanim,#ai_zombie_base_walk_au_v2
xanim,#ai_zombie_base_walk_au_v3
xanim,#ai_zombie_base_walk_au_v4
xanim,#ai_zombie_base_walk_au_v5
xanim,#ai_zombie_base_walk_au_v6
xanim,#ai_zombie_base_walk_au_v7
xanim,#ai_zombie_base_walk_au_v8
xanim,#ai_zombie_base_walk_au_v2_pain_chest_f
xanim,#ai_t8_zm_zombie_base_stn_idle_react_l_01
xanim,#hash_2d984e28e846a808
xanim,#ai_zombie_base_fast_sprint_01_pain_chest_f
xanim,#ai_zombie_base_sprint_turn_45_r_v2
xanim,#ai_zombie_base_run_turn_45_r_v2
xanim,#hash_2ef76555d4bd77be
xanim,#hash_302a2b585bfb7864
xanim,#ai_zombie_smash_react_b_forwardtoface
xanim,#ai_zombie_base_run_au_v20_pain_chest_f
xanim,#bo3_ai_crew_cougar_guy0_idle
xanim,#p8_fxanim_gp_banner_monastery_burnt_02_anim
xanim,#void
xanim,#ai_t8_zm_zod_bltfthr_stn_turn_l_45
xanim,#hash_320b382476742239
xanim,#bo3_ai_crew_cougar_guy0_exit
xanim,#ai_t8_zm_zod_bltfthr_stn_turn_l_90
xanim,#ai_t8_zm_zod_bltfthr_backsacs_add
xanim,#hash_3273f9df19ebab20
xanim,#ai_zombie_smash_react_f_doublebounce
xanim,#hash_3383ba691c1fb176
xanim,#ai_t8_zm_zombie_base_walk_react_r_01
xanim,#ai_zombie_smash_react_getup_a
xanim,#ai_zombie_smash_react_getup_b
xanim,#ai_zombie_smash_react_getup_c
xanim,#hash_34d70a8dd395dc7b
xanim,#ai_t8_zm_zod_bltfthr_pain_stun_loop
xanim,#ai_t8_zm_zod_bltfthr_run_turn_l_180
xanim,#ai_t8_zm_zod_bltfthr_run_turn_l_135
xanim,#ai_zombie_base_run_ad_v12_pain_chest_f
xanim,#hash_35f5b1d59326cf9a
xanim,#hash_360ac227e2feca21
xanim,#ai_t8_zm_zod_bltfthr_trv_jump_up_128
xanim,#ai_zombie_base_sprint_turn_90_l_v2
xanim,#hash_3738344afe66dc67
xanim,#p8_fxanim_gp_pigeon_standing_02_anim
xanim,#p8_fxanim_mp_seaside_rats_winery_01_anim
xanim,#ai_zombie_base_walk_turn_90_l_v2
xanim,#ai_zombie_base_death_v1
xanim,#hash_395f881c27619c42
xanim,#hash_397e7f98fd616891
xanim,#ai_zombie_base_walk_ad_v5_pain_chest_f
xanim,#ai_zombie_base_win_attack_arm_l_out
xanim,#hash_3af8d1a8eaa2abbf
xanim,#hash_3b01adc76ae3908f
xanim,#p8_fxanim_mp_seaside_rats_winery_02_anim
xanim,#hash_3c397e6d764d34ec
xanim,#ai_zombie_base_crawl_death_v1
xanim,#hash_3d77b8326975301c
xanim,#hash_3dabaf93826bd381
xanim,#p8_fxanim_gp_rollup_blinds_long_01_anim
xanim,#ai_t8_zm_zombie_base_attack_high_01
xanim,#ai_t8_zm_zombie_base_attack_high_02
xanim,#ai_t8_zm_zombie_base_attack_high_03
xanim,#ai_t8_zm_zombie_base_attack_high_09
xanim,#ai_t8_zm_zod_bltfthr_dth_destroy_head_01_nofx
xanim,#hash_3ebed21e4f49eca9
xanim,#ai_zombie_base_run_au_v22_pain_chest_f
xanim,#ai_zombie_base_sprint_ad_v2_pain_chest_f
xanim,#ai_zombie_base_sprint_au_v20_pain_chest_f
xanim,#ai_zombie_base_walk_turn_135_l_v3
xanim,#hash_41d18aa8eb46a959
xanim,#ai_zombie_base_walk_au_v13_pain_chest_f
xanim,#hash_43581ab456bdada1
xanim,#ai_zombie_base_walk_au_v21_pain_chest_f
xanim,#hash_43c60f2bd71396dc
xanim,#hash_43e898ce83559711
xanim,#ai_t8_zm_zod_bltfthr_exit_9
xanim,#ai_t8_zm_zod_bltfthr_exit_8
xanim,#ai_t8_zm_zod_bltfthr_exit_4
xanim,#ai_t8_zm_zod_bltfthr_exit_7
xanim,#ai_t8_zm_zod_bltfthr_exit_6
xanim,#ai_t8_zm_zod_bltfthr_exit_2
xanim,#ai_zombie_base_run_turn_135_l_v2
xanim,#hash_4569000d002318d5
xanim,#ai_zombie_base_run_au_v2_pain_chest_f
xanim,#ai_t8_zombie_base_run_pain_01
xanim,#hash_46644bbefac70231
xanim,#p8_fxanim_gp_seagull_circle_01_anim
xanim,#ai_zombie_smash_react_r_jackiespinleft
xanim,#ai_zombie_base_run_turn_180_l_v2
xanim,#bo3_ai_crew_cougar_driver_idle
xanim,#ai_zombie_base_run_au_v24_pain_chest_f
xanim,#hash_478e267d7c154061
xanim,#ai_t8_zm_zod_bltfthr_pain_destroy_leg_right_01
xanim,#ai_zombie_base_run_au_v1_pain_chest_f
xanim,#ai_zombie_base_run_au_v11_pain_chest_f
xanim,#ai_t8_zm_zombie_base_walk_react_b_01
xanim,#hash_49c5ef4843f66027
xanim,#p8_fxanim_gp_flowers_potted_hanging_01_anim
xanim,#ai_t8_zombie_base_run_attack_16
xanim,#ai_t8_zombie_base_run_attack_17
xanim,#ai_t8_zombie_base_run_attack_18
xanim,#ai_t8_zombie_base_run_attack_04
xanim,#ai_t8_zombie_base_run_attack_03
xanim,#ai_t8_zombie_base_run_attack_02
xanim,#ai_t8_zombie_base_run_attack_01
xanim,#ai_t8_zombie_base_run_attack_20
xanim,#hash_4bb3f90c913d993f
xanim,#ai_zombie_smash_react_f
xanim,#ai_zombie_base_crawl_v1
xanim,#ai_zombie_base_walk_au_v20_pain_chest_f
xanim,#ai_zombie_base_walk_turn_45_l_v2
xanim,#p8_fxanim_mp_seaside_rats_cheesery_01_anim
xanim,#hash_4da37c6291ae64e3
xanim,#hash_4dbaed6e5ba7bc95
xanim,#ai_zombie_base_walk_au_v12_pain_chest_f
xanim,#ai_t8_zm_zod_bltfthr_pain_destroy_sac_left_01
xanim,#hash_4ed6c2d64c75dc62
xanim,#ai_zombie_base_crawl_idle_v1
xanim,#bo3_ai_crew_cougar_guy1_idle
xanim,#ai_zombie_base_walk_ad_v25_pain_chest_f
xanim,#hash_4fb579be35d34690
xanim,#hash_508331937ff2d9af
xanim,#pb_rifle_endgame_1stplace_idle
xanim,#ai_t8_zm_zod_bltfthr_pain_knockdown_r_01
xanim,#hash_50c95452eb0869d8
xanim,#hash_5168fdb0d3c386d8
xanim,#hash_51b7c06eef78eb94
xanim,#hash_5214d3bdf4df8920
xanim,#ai_t8_zombie_base_super_sprint_01
xanim,#ai_zombie_base_sprint_ad_v23_pain_chest_f
xanim,#ai_zombie_base_walk_au_v7_pain_chest_f
xanim,#ai_zombie_base_run_ad_v24_pain_chest_f
xanim,#ai_zombie_base_walk_ad_v20_pain_chest_f
xanim,#ai_zombie_smash_react_l_legsoutright
xanim,#hash_534ba6a0daa69b33
xanim,#hash_53671f6583cdb238
xanim,#ai_zombie_base_run_turn_90_r_v2
xanim,#ai_zombie_base_run_ad_v11_pain_chest_f
xanim,#ai_t8_zm_zombie_base_stn_idle_react_b_01
xanim,#ai_zombie_base_fast_sprint_02_pain_chest_f
xanim,#ai_zombie_base_sprint_ad_v1_pain_chest_f
xanim,#ai_zombie_smash_react_getup_quick_b
xanim,#ai_zombie_smash_react_getup_quick_c
xanim,#ai_zombie_base_walk_ad_v2_pain_chest_f
xanim,#hash_5904d1d0674f9bb0
xanim,#hash_59178cd43a0dbf56
xanim,#p8_fxanim_gp_light_hanging_billiard_01_s2_anim
xanim,#hash_59ad2e47218f7b0a
xanim,#ai_zombie_smash_react_b_deadfallknee
xanim,#hash_5aa287a645d76e8f
xanim,#hash_5b1a264078d5a228
xanim,#hash_5b22c76719994d73
xanim,#hash_5b3bc70c1b53e42a
xanim,#ai_zombie_base_walk_au_v4_pain_chest_f
xanim,#ai_zombie_base_run_au_v21_pain_chest_f
xanim,#hash_5c02ed9448d1f198
xanim,#hash_5d9da6e3923eb804
xanim,#ai_zombie_base_walk_turn_135_r_v2
xanim,#ai_zombie_base_idle_ad_v1
xanim,#ai_t8_zm_zod_bltfthr_idle
xanim,#ai_zombie_base_walk_au_v1_pain_chest_f
xanim,#hash_6026243b12a26299
xanim,#hash_60c3e042bd3669f6
xanim,#hash_60ee82ae37ff210a
xanim,#ai_zombie_smash_react_l_jackiespinright
xanim,#p8_fxanim_gp_furnish_roof_kiosk_s2_anim
xanim,#ai_t8_zm_zod_bltfthr_fire_projectile_sngl_r
xanim,#ai_t8_zm_zod_bltfthr_fire_projectile_sngl_l
xanim,#ai_zombie_base_walk_turn_90_r_v2
xanim,#hash_62ad1a6a810a44c2
xanim,#hash_6367104653a29660
xanim,#hash_645c61c6f1ebd55e
xanim,#hash_648124e308f73bda
xanim,#hash_6482107e3f9098a1
xanim,#hash_64a1560bcb485a67
xanim,#ai_t8_zm_zod_bltfthr_run_02
xanim,#ai_t8_zm_zod_bltfthr_run_01
xanim,#o_veh_t7_civ_sedan_midsize_police_explode
xanim,#hash_64d629fba3de7eba
xanim,#ai_zombie_base_walk_ad_v6_pain_chest_f
xanim,#hash_6538d414fe011a7e
xanim,#ai_zombie_base_run_au_v4_pain_chest_f
xanim,#ai_t8_zm_zod_bltfthr_dth_destroy_head_01
xanim,#p8_fxanim_gp_seagull_circle_03_anim
xanim,#hash_66849fb03aca55cb
xanim,#ai_zombie_base_walk_ad_v7_pain_chest_f
xanim,#ai_t8_zm_zod_bltfthr_pain_knockdown_b_01
xanim,#p7_fxanim_gp_fan_electric_standing_01_oscillate_anim
xanim,#ai_zombie_base_run_turn_135_r_v2
xanim,#ai_t8_zm_zod_bltfthr_run_turn_r_135
xanim,#ai_t8_zm_zod_bltfthr_run_turn_r_180
xanim,#ai_zombie_base_run_au_v13_pain_chest_f
xanim,#ai_zombie_base_win_attack_arm_r_out
xanim,#hash_696d04f0c26f2fad
xanim,#ai_zombie_base_traverse_ground_climbout_fast
xanim,#ai_zombie_base_walk_ad_v4_pain_chest_f
xanim,#ai_t8_zm_zombie_base_stn_idle_react_r_01
xanim,#ai_zombie_smash_react_r_legsoutleft
xanim,#hash_6b206d65b2503d4d
xanim,#ai_zombie_base_run_ad_v2_pain_chest_f
xanim,#ai_t8_zm_zod_bltfthr_pain_destroy_sac_right_01
xanim,#hash_6c55297cd2eb2dcc
xanim,#p7_fxanim_gp_wire_sparking_med_thick_s1_anim
xanim,#ai_t8_zm_zod_bltfthr_pain_getup_r_01
xanim,#bo3_ai_crew_cougar_guy1_exit
xanim,#ai_t8_zm_zod_bltfthr_pain_destroy_head_01
xanim,#hash_6d685d52b4325627
xanim,#ai_zombie_base_sprint_au_v25_pain_chest_f
xanim,#ai_zombie_base_run_ad_v23_pain_chest_f
xanim,#ai_zombie_base_run_au_v9_pain_chest_f
xanim,#hash_6f02c94c2c168b6b
xanim,#ai_t8_zm_zod_bltfthr_run_turn_r_45
xanim,#ai_t8_zm_zod_bltfthr_run_turn_r_90
xanim,#ai_t8_zm_zombie_base_walk_react_f_01
xanim,#ai_t8_zm_zod_bltfthr_tongue_attack_in
xanim,#ai_t8_zm_zod_bltfthr_pain_stun_in
xanim,#hash_6ff4b2bbbffa1b02
xanim,#ai_t8_zm_zod_bltfthr_pain_destroy_leg_left_01
xanim,#hash_71fc5c59f120f56e
xanim,#ai_t8_zm_zod_bltfthr_fire_projectile_triple
xanim,#ai_zombie_base_idle_au_v1
xanim,#ai_zombie_base_walk_ad_v21_pain_chest_f
xanim,#hash_7339937a6e91580c
xanim,#ai_t8_zombie_base_run_pain_move_l_01
xanim,#ai_zombie_base_sprint_ad_v24_pain_chest_f
xanim,#ai_zombie_base_dth_tesla_d
xanim,#ai_zombie_base_dth_tesla_b
xanim,#ai_zombie_base_dth_tesla_c
xanim,#ai_zombie_base_dth_tesla_a
xanim,#bo3_ai_crew_cougar_passenger_exit
xanim,#ai_zombie_base_run_ad_v1_pain_chest_f
xanim,#ai_zombie_base_crawl_attack_v2
xanim,#ai_zombie_base_crawl_attack_v1
xanim,#ai_zombie_base_run_ad_v11
xanim,#ai_zombie_base_run_ad_v12
xanim,#ai_zombie_base_run_ad_v14
xanim,#ai_zombie_base_run_ad_v21
xanim,#ai_zombie_base_run_ad_v20
xanim,#ai_zombie_base_run_ad_v23
xanim,#ai_zombie_base_run_ad_v22
xanim,#ai_zombie_base_run_ad_v24
xanim,#hash_76bd9f220308bd96
xanim,#hash_76cf01125dc216db
xanim,#ai_zombie_base_walk_au_v8_pain_chest_f
xanim,#ai_t8_zm_zod_bltfthr_run_turn_l_90
xanim,#ai_zombie_base_fast_sprint_01
xanim,#ai_zombie_base_fast_sprint_02
xanim,#ai_t8_zm_zod_bltfthr_run_turn_l_45
xanim,#ai_zombie_base_walk_turn_180_l_v3
xanim,#ai_zombie_base_run_au_v23_pain_chest_f
xanim,#ai_zombie_base_sprint_au_v1_pain_chest_f
xanim,#hash_78a7695fef68c35f
xanim,#hash_7917dbfb0cc18812
xanim,#ai_zombie_base_run_au_v24
xanim,#ai_zombie_base_run_au_v20
xanim,#ai_zombie_base_run_au_v21
xanim,#ai_zombie_base_run_au_v22
xanim,#ai_zombie_base_run_au_v23
xanim,#ai_zombie_base_run_au_v11
xanim,#ai_zombie_base_run_au_v13
xanim,#hash_79857aa042fcfa00
xanim,#hash_7985b31b54dab2d1
xanim,#hash_79c3bd21ae10016d
xanim,#ai_zombie_base_walk_au_v11_pain_chest_f
xanim,#ai_t8_zm_zombie_base_stn_idle_react_f_01
xanim,#hash_7a760ce4dd900fd3
xanim,#ai_zombie_base_walk_au_v3_pain_chest_f
xanim,#hash_7ac687a64658655c
xanim,#ai_t8_zm_zod_bltfthr_tongue_attack_miss_end
xanim,#hash_7b2e4bfd1dc3a2c2
xanim,#ai_zombie_base_run_ad_v20_pain_chest_f
xanim,#ai_zombie_base_crawl_dth_tesla_b
xanim,#ai_zombie_base_crawl_dth_tesla_a
xanim,#ai_zombie_base_sprint_turn_180_l_v2
xanim,#ai_zombie_zod_stunned_electrobolt_e
xanim,#ai_zombie_zod_stunned_electrobolt_d
xanim,#ai_zombie_zod_stunned_electrobolt_a
xanim,#ai_zombie_zod_stunned_electrobolt_c
xanim,#ai_zombie_zod_stunned_electrobolt_b
xanim,#ai_zombie_base_sprint_au_v25
xanim,#ai_zombie_base_sprint_au_v22
xanim,#ai_zombie_base_sprint_au_v21
xanim,#ai_zombie_base_sprint_au_v20
xanim,#ai_zombie_base_walk_ad_v3_pain_chest_f
xanim,#ai_zombie_base_run_ad_v7_pain_chest_f
xanim,#hash_7d88056f798b8643
xanim,#ai_t8_zombie_base_sprint_attack_01
xanim,#ai_t8_zombie_base_sprint_attack_02
xanim,#ai_t8_zombie_base_sprint_attack_03
xanim,#ai_t8_zombie_base_sprint_attack_04
xanim,#ai_t8_zombie_base_sprint_attack_17
xanim,#ai_t8_zombie_base_sprint_attack_16
xanim,#ai_t8_zombie_base_sprint_attack_18
xanim,#ai_t8_zombie_base_sprint_attack_20
xanim,#hash_7e2b68590d0095bf
xanim,#ai_zombie_base_walk_au_v15_pain_chest_f
xanim,#ai_zombie_base_walk_au_v23_pain_chest_f
xanim,#bo3_ai_crew_cougar_driver_exit
xanim,#ai_zombie_base_sprint_turn_135_r_v2
xanim,#ai_zombie_base_run_au_v9
xanim,#ai_zombie_base_run_au_v4
xanim,#ai_zombie_base_run_au_v5
xanim,#ai_zombie_base_run_au_v2
xanim,#ai_zombie_base_run_au_v1
xanim,#hash_7f66b6cc547f8815
scriptbundle,#p8_fxanim_gp_rollup_blinds_long_01_bundle
scriptbundle,#p8_fxanim_mp_seaside_tanks_bundle
scriptbundle,#p8_fxanim_gp_light_vintage_hanging_02_s3_sbundle
scriptbundle,#p7_fxanim_gp_fan_electric_wall_01_sbundle
scriptbundle,#sb_mp_endgame_player_06
scriptbundle,#sb_mp_endgame_player_05
scriptbundle,#sb_mp_endgame_player_04
scriptbundle,#sb_mp_endgame_player_03
scriptbundle,#sb_mp_endgame_player_02
scriptbundle,#p8_fxanim_gp_pigeon_standing_03_sbundle
scriptbundle,#p8_fxanim_gp_rollup_blinds_short_01_bundle
scriptbundle,#scene_mp_endgame_player_00
scriptbundle,#scene_mp_endgame_player_01
scriptbundle,#scene_mp_endgame_player_02
scriptbundle,#scene_mp_endgame_player_03
scriptbundle,#scene_mp_endgame_player_04
scriptbundle,#scene_mp_endgame_player_05
scriptbundle,#p8_fxanim_mp_seaside_rats_cheesery_02_sbundle
scriptbundle,#fxb8_zm_char_blightfather
scriptbundle,#p8_fxanim_gp_seagull_circle_die_03_bundle
scriptbundle,#p8_fxanim_gp_banner_monastery_burnt_02_bundle
scriptbundle,#zm_zombie_settings_mp
scriptbundle,#sb_mp_draft_common_axis
scriptbundle,#mp_default_traversal_extents
scriptbundle,#p8_fxanim_gp_pigeon_standing_02_sbundle
scriptbundle,#c_t8_zmb_blightfather1_dst_def_noreveal
scriptbundle,#p8_fxanim_gp_flowers_potted_hanging_01_bundle
scriptbundle,#p8_fxanim_gp_pigeon_roof_slanted_01_sbundle
scriptbundle,#p8_fxanim_gp_light_vintage_hanging_01_s3_sbundle
scriptbundle,#c_t8_wz_blightfather_weakpoint_def
scriptbundle,#blightfather_footstep_notetrack_bones
scriptbundle,#wz_blight_father_settings
scriptbundle,#p8_fxanim_mp_seaside_pigeon_flock_bundle
scriptbundle,#p8_fxanim_mp_seaside_rats_winery_01_sbundle
scriptbundle,#p8_fxanim_gp_light_hanging_billiard_01_s2_sbundle
scriptbundle,#sb_mp_draft_common_allies
scriptbundle,#sb_mp_match_intro_seaside_axis
scriptbundle,#sb_mp_match_intro_seaside_allies
scriptbundle,#p8_fxanim_gp_pigeon_standing_01_sbundle
scriptbundle,#p7_fxanim_gp_fan_electric_standing_01_sbundle
scriptbundle,#p8_fxanim_mp_seaside_rats_winery_02_sbundle
scriptbundle,#p8_fxanim_mp_seaside_rats_winery_03_sbundle
scriptbundle,#fxd8_zm_char_zombie_base_body
scriptbundle,#p7_fxanim_gp_wire_sparking_med_thick_sbundle
scriptbundle,#veh_bo3_mil_apc_riders
scriptbundle,#p8_fxanim_gp_furnish_roof_kiosk_s2_bundle
scriptbundle,#p8_fxanim_gp_seagull_circle_die_01_bundle
scriptbundle,#p8_fxanim_mp_seaside_rats_cheesery_01_sbundle
scriptbundle,#p8_fxanim_gp_seagull_circle_die_02_bundle
scriptbundle,#c_54i_grunt_fx_table
scriptbundle,#c_t8_zmb_3rdclass_male_gib_def
string,#mpui/stalker
string,#hash_95c5021b448b56
string,#mpui/extclip_desc
string,#mpui/fmj_desc
string,#mpui/supply_desc
string,#mpui/dualoptic
string,#mpui/fastreload2_desc
string,#zmui/fmj_desc
string,#menu/camo_loot_zombie_maitai
string,#hash_40c47b72c083914
string,#mpui/camo_active_take_it_personally
string,#mpui/camo_flectarn
string,#mpui/extclip2
string,#hash_5be026b2781b8c9
string,#hash_5d7eb1442a4f213
string,#menu/camo_loot_scratchnsniff
string,#mpui/quickdraw2_desc
string,#mpui/stalker2_desc
string,#mpui/extclip
string,#hash_870732dcf823d00
string,#menu/camo_loot_roadhouse
string,#menu/camo_loot_trifecta
string,#mpui/fastreload2
string,#hash_c0c2aecab7c9830
string,#mpui/damage2_desc
string,#hash_d8622d38b0078a8
string,#hash_e2971bbfafcfe66
string,#mpui/fastlockon_desc
string,#hash_ee567911dd1ce83
string,#menu/camo_loot_circuitboard
string,#mpui/vzoom
string,#hash_11416e3dffba8d50
string,#mpui/mk
string,#menu/camo_loot_fractalized
string,#mpui/ir
string,#mpui/is
string,#mpui/gl
string,#mpui/dw
string,#mpui/camo_dante
string,#mpui/sf
string,#mpui/rf
string,#hash_11cfa6d5f521dede
string,#mpui/no_attachment
string,#mpui/uber
string,#mpui/barrelchoke_desc
string,#hash_13f64b913a8510ce
string,#menu/camo_active_treasure
string,#mpui/camo_redhex
string,#hash_15cf0d46af70291b
string,#mpui/null
string,#mpui/grip
string,#hash_166b7f0f8f0d22fc
string,#mpui/suppressed_desc
string,#hash_17783814d047454c
string,#menu/camo_loot_fullsuite
string,#mpui/no_attachment_desc
string,#menu/camo_loot_goosebumps
string,#mpui/uber_desc
string,#mpui/camo_active_rapid_kills
string,#hash_1960a6223dd21d1a
string,#mpui/barrelchoke
string,#hash_1c07c87a45375aaf
string,#mpui/camo_integer
string,#zmui/mms_desc
string,#mpui/steadyaim2
string,#menu/camo_loot_benjamins
string,#menu/camo_loot_fearhaze
string,#menu/camo_loot_seaflake
string,#menu/camo_loot_astronomy
string,#hash_23184906a849ac54
string,#mpui/camo_jungle
string,#mpui/dualoptic_desc
string,#mpui/camo_huntsman
string,#hash_246c7d9118b22299
string,#hash_24a3e0f402bfd000
string,#menu/camo_loot_masks
string,#menu/camo_loot_shimmer
string,#hash_25811ef8abc80b1f
string,#mpui/elo_desc
string,#hash_25d3f454e864bb4a
string,#menu/camo_loot_picnic_royale
string,#hash_25fc6c872fa95f5e
string,#hash_2628f8facd7d3398
string,#mpui/pistolscope
string,#hash_26adc6b84f143b29
string,#mpui/fmj2_desc
string,#hash_28f8d698fe4d79d2
string,#zmui/high_caliber_2_desc
string,#mpui/holdbreath_desc
string,#mpui/camo_active_kill_counter
string,#hash_2a634db8501d93aa
string,#hash_2aa6fa1848766679
string,#hash_2b0fae1c09a3d8a9
string,#hash_2b27d20d2cfc1069
string,#hash_2b3d791eb05ec296
string,#mpui/camo_ardent
string,#mpui/acog_desc
string,#mpui/stabilizer_desc
string,#mpui/holdbreath
string,#menu/camo_active_mystic
string,#hash_2d003d6a1240093c
string,#hash_2d85a60f366822d1
string,#mpui/reflex
string,#hash_2f6eb9c102b831ad
string,#mpui/camo_burnt
string,#mpui/fmj2
string,#hash_3041bf105b58c16a
string,#mpui/ir_desc
string,#hash_30f532e9051a3691
string,#hash_31e9d057a03398bf
string,#hash_3279150dc6bd1b3b
string,#mpui/camo_snowjob
string,#menu/camo_active_brains
string,#hash_33c5a3d6ed967788
string,#hash_33f013eacb53964c
string,#mpui/holo_desc
string,#mpui/quickdraw2
string,#hash_360742434808cf8e
string,#hash_3640fdfd426ba4b4
string,#hash_366888e106b2bbb3
string,#menu/camo_active_115
string,#hash_36be4a2f9e325b50
string,#mpui/fmj
string,#hash_3824d76b4a721017
string,#hash_38698d6863661eb6
string,#menu/camo_loot_dinoglyphs
string,#zmui/fmj2_desc
string,#menu/camo_loot_streetrace
string,#mpui/killcounter
string,#mpui/extbarrel2
string,#mpui/grip_desc
string,#mpui/reticle_color_1
string,#mpui/camo_active_showstopper
string,#mpui/reddot_desc
string,#hash_3ae42f7d6eabab5a
string,#mpui/camo_darkmatter
string,#hash_3ca968dee9e5dc02
string,#menu/camo_active_spinal
string,#hash_3d26eb8dafae98e9
string,#zmui/suppressor_desc
string,#mpui/tacknife
string,#menu/camo_loot_chrysalis
string,#menu/camo_loot_cherryblossom
string,#hash_3e42591da1c1538f
string,#mpui/steadyaim_desc
string,#mpui/camo_chameleon
string,#mpui/gl_desc
string,#menu/camo_loot_jellymaw
string,#mpui/is_desc
string,#mpui/fastlockon
string,#mpui/extbarrel
string,#hash_414ce3af89eedef1
string,#mpui/mixclip_desc
string,#mpui/elo
string,#menu/camo_loot_datamine
string,#mpui/damage_desc
string,#hash_420861c64b6e9e7c
string,#mpui/supply
string,#menu/camo_loot_blueup
string,#mpui/camo_jungletek
string,#hash_43b0cfc850dbcc04
string,#mpui/camo_bliss
string,#mpui/suppressed
string,#hash_452fd06faf792671
string,#mpui/hipgrip_desc
string,#mpui/holo
string,#mpui/quickdraw_desc
string,#mpui/adsreload_desc
string,#hash_4973da5ba484b2ae
string,#hash_49e88c8053d4f73e
string,#mpui/camo_heatstroke
string,#hash_4a584bc8c443f246
string,#menu/camo_loot_dogfight
string,#hash_4b105b524a93b53d
string,#hash_4c2bbe6f91c1ca94
string,#hash_4d048d939c70cad9
string,#mpui/quickdraw
string,#hash_4dff11036295b59f
string,#menu/camo_loot_afterglow
string,#mpui/extclip2_desc
string,#hash_4ed6f1ab0cbc899b
string,#mpui/sf_desc
string,#hash_4f0d8ebb363015e0
string,#hash_4f23c6ecb321fa19
string,#mpui/camo_fear
string,#hash_506621193b404166
string,#mpui/vzoom_desc
string,#menu/camo_loot_smokeblast
string,#mpui/camo_gold
string,#mpui/none
string,#mpui/camo_diamond
string,#mpui/speedreloader_desc
string,#mpui/extrapellets
string,#menu/camo_loot_megalodon
string,#zmui/extrapellets_desc
string,#hash_556fbdaebf02d158
string,#zmui/high_caliber_desc
string,#hash_560d002c6e40e5df
string,#menu/camo_loot_vice
string,#mpui/steadyaim2_desc
string,#menu/camo_loot_bacon
string,#hash_58b7aeee47f428da
string,#mpui/reflex_desc
string,#mpui/grip2
string,#mpui/hipgrip
string,#mpui/camo_arctic
string,#hash_5acae5f224c146a9
string,#mpui/adsreload
string,#mpui/camo_battle
string,#hash_5c28147c226eb600
string,#mpui/mixclip
string,#mpui/mms_desc
string,#hash_5dc620aa9640e528
string,#hash_5e2c81adb5a5264a
string,#hash_5e6ae4119dda43e0
string,#mpui/camo_contagious
string,#hash_5f17105e484faba8
string,#mpui/extrapellets_desc
string,#mpui/fastreload_desc
string,#hash_6063cd6ae0f6ce28
string,#hash_607993fb651c3014
string,#mpui/camo_interpol
string,#mpui/extbarrel2_desc
string,#zmui/barrelchoke_desc
string,#mpui/steadyaim
string,#hash_62503932e1d53a87
string,#mpui/reddot
string,#hash_627f640830ae263b
string,#menu/camo_loot_america
string,#hash_629d187300caa85d
string,#feature/gun_tag
string,#mpui/camo_6speed
string,#mpui/clantag
string,#mpui/burst2_desc
string,#mpui/pistolscope_desc
string,#hash_652798c8c39df5b0
string,#menu/camo_loot_ww2
string,#hash_665fcaf288735f26
string,#hash_66d33b296eb64fbc
string,#mpui/stalker2
string,#hash_688a1b241ffb922e
string,#hash_68aa6bf5db640dde
string,#mpui/extbarrel_desc
string,#mpui/fastreload
string,#hash_694b66b1b888e2a8
string,#hash_6a4930978aef6c45
string,#mpui/burst2
string,#hash_6aee422878d572b9
string,#menu/camo_loot_donuts
string,#hash_6c8d7834e1591a50
string,#mpui/camo_wmd
string,#menu/camo_loot_smooch
string,#mpui/camo_active_objective_kills
string,#hash_6e86b49d6d5196af
string,#mpui/rangefinder
string,#mpui/stabilizer
string,#mpui/reticle_default
string,#hash_709fb6b7fdde6aa8
string,#hash_714cce81de873f11
string,#mpui/acog
string,#mpui/damage2
string,#menu/camo_loot_connected
string,#hash_74978fc95bfb2bfd
string,#mpui/stalker_desc
string,#hash_7564cce16f4274f6
string,#mpui/damage
string,#hash_758d93baadbc199d
string,#mpui/camo_active_kills_without_dying
string,#mpui/camo_ash
string,#hash_768c5aeecc2d7cc4
string,#mpui/grip2_desc
string,#hash_7725a43a5e8755ad
string,#menu/camo_loot_cyberpunk
string,#menu/camo_active_celestial
string,#menu/camo_loot_citrus
string,#mpui/rf_desc
string,#mpui/mk_desc
string,#hash_78b448d799b46550
string,#hash_78d753143b405d88
string,#mpui/speedreloader
string,#mpui/dw_desc
string,#menu/camo_loot_disavowed
string,#mpui/camo_active_headshots
string,#mpui/rangefinder_desc
string,#feature/gun_emblem
string,#hash_7bf8bcf55e2bd26e
string,#mpui/mms
string,#hash_7d3e69af1a992cec
string,#menu/camo_loot_greengradient
string,#mpui/camo_woodlums
string,#hash_7e31505384e0837a
string,#mpui/tacknife_desc
string,#menu/camo_loot_paradise
string,#menu/camo_loot_plasmadrive
fx,#hash_108cfc8cc7b79388
fx,#hash_1093d48cc7bd6e3e
fx,#blood/fx8_blood_cam_gib_spray_zm
fx,#hash_311a865a91014b22
fx,#hash_3c9948ab313a6483
fx,#hash_4c24e997afad36e0
fx,#hash_57034716c105e41e
fx,#hash_59422cff58693587
fx,#zm_ai/fx8_blightfather_weakspot_jaw_exp
fx,#hash_74f01ad183c69a5c
fx,#hash_74f6f2d183cc7512
fx,#hash_7b951deec27b35c1
fx,#hash_7d69ee9822b45157
radiant_exploder,#exp_lgt_draft
radiant_exploder,#mp_draft_lights_axis
radiant_exploder,#fxexp_church_wall_explosion
radiant_exploder,#fxexp_tank_exhaust
radiant_exploder,#mp_draft_lights_allies
soundalias,#hash_2216c1d3d66ce
soundalias,#fly_step_cardboard_plr
soundalias,#zmb_step_crouch_run_npc_dirt
soundalias,#dst_car_fire_frnt
soundalias,#dst_dest_glo_paper_02_d0
soundalias,#fly_bump_barrel
soundalias,#dst_xlight
soundalias,#zmb_step_blight_walk_watershallow
soundalias,#fly_bike_bell
soundalias,#zmb_step_standard_walk_ice
soundalias,#dst_car_rad_steam
soundalias,#vox_tvoi_tutor_prop_enemy_seeker_shoot_0
soundalias,#vox_tvoi_tutor_prop_enemy_seeker_shoot_1
soundalias,#dst_propane_tank_lfe
soundalias,#vox_tvoi_tutor_prop_seeker_follow_nag
soundalias,#pfx_wood_fire_lrg
soundalias,#vox_tvoi_tutor_prop_chain_group_nag
soundalias,#pfx_spark_sub_ramses
soundalias,#zmb_step_blight_run_cloth
soundalias,#dst_palet_wood
soundalias,#fly_melee_imp_galva_npc_riot
soundalias,#hash_2bb4a8b02a0d697
soundalias,#pfx_ac_fan_dirt
soundalias,#hash_307d5a137389d36
soundalias,#zmb_ai_bfather_death_exp_close
soundalias,#dst_cover_concrete
soundalias,#fly_bump_potedplant
soundalias,#dst_typewriter
soundalias,#vox_tvoi_tutor_prop_score_miss
soundalias,#fly_step_cardboard_npc
soundalias,#dst_gas_pipe_lp
soundalias,#hash_41a9a2d29deed27
soundalias,#hash_41a9b2d29deeeda
soundalias,#fly_melee_swipe_player_knife
soundalias,#fly_step_dirt
soundalias,#pfx_t8_spark_med
soundalias,#fly_step_grate_plr
soundalias,#fly_step_shells_sweet
soundalias,#vox_tvoi_tutor_prop_score_half
soundalias,#zmb_step_crouch_walk_npc_cloth
soundalias,#zmb_step_blight_run_wood
soundalias,#exp_armor_close_layer
soundalias,#zmb_player_electrocuted_oneshot
soundalias,#hash_5b21b7c645692f8
soundalias,#zmb_step_crouch_walk_npc_cushion
soundalias,#dst_car_glass_crack_helo
soundalias,#dst_fish_tank
soundalias,#amb_church_bells_dmg
soundalias,#zmb_hit_alert
soundalias,#exp_concussive_large_flux_l
soundalias,#exp_concussive_large_flux_r
soundalias,#exp_veh_lfe
soundalias,#wpn_rgun_flux_r_plr
soundalias,#zmb_hit_alert_fatal
soundalias,#hash_7241e6a65a1219a
soundalias,#fly_melee_lunge_player_knife
soundalias,#vox_tvoi_tutor_prop_end_1
soundalias,#vox_tvoi_tutor_prop_end_0
soundalias,#zmb_step_standard_walk_sand
soundalias,#zmb_zombie_spawn
soundalias,#zmb_step_crouch_run_npc_default
soundalias,#fly_melee_swipealt_victim_knife
soundalias,#pfx_fire_fuel_sm
soundalias,#zmb_step_crouch_walk_npc_glass
soundalias,#zmb_step_blight_walk_brick
soundalias,#dst_transformer_lfe
soundalias,#zmb_step_blight_run_sand
soundalias,#vox_tvoi_tutor_prop_seeker_mine_2
soundalias,#hash_8a03bcf54e65056
soundalias,#hash_8a03ccf54e65209
soundalias,#amb_wind_exterior_2d
soundalias,#hash_8c16ee4aea85f4c
soundalias,#zmb_ai_bfather_sac_exp
soundalias,#zmb_step_standard_walk_plastic
soundalias,#zmb_step_standard_walk_plaster
soundalias,#exp_barrel_lfe
soundalias,#pfx_fire_lrg_no_occ
soundalias,#pfx_dirt_metal_gust
soundalias,#hash_9fd84825dfde1ed
soundalias,#hash_a06cf9bab0e59a3
soundalias,#zmb_step_standard_sprint_mud
soundalias,#vox_tvoi_tutor_prop_wine_plyr_dead
soundalias,#hash_a502345b29f6431
soundalias,#exp_electrical_large_flux_l
soundalias,#exp_electrical_large_flux_r
soundalias,#hash_a8bcd8c98df0294
soundalias,#vox_tvoi_tutor_reco_sensor_dart_0
soundalias,#vox_tvoi_tutor_reco_sensor_dart_1
soundalias,#exp_incindiary_large_hdr
soundalias,#pfx_spark_sml
soundalias,#vox_tvoi_tutor_prop_enemy_stun_nag
soundalias,#zmb_step_standard_walk_paintedmetal
soundalias,#zmb_step_blight_walk_default
soundalias,#zmb_step_blight_walk_plastic
soundalias,#vox_tvoi_tutor_prop_distract_enemy_1
soundalias,#vox_tvoi_tutor_prop_distract_enemy_0
soundalias,#zmb_step_blight_walk_plaster
soundalias,#vox_tvoi_tutor_prop_score_active
soundalias,#veh_explo_dist
soundalias,#fly_bump_table_scoot
soundalias,#dst_hydrant_destroyed
soundalias,#hash_bdb30092e9dc406
soundalias,#vox_tvoi_tutor_prop_wine_seeker_deploy_nag
soundalias,#exp_incindiary_small_lfe
soundalias,#amb_song_birds
soundalias,#zmb_step_crouch_run_npc_ceramic
soundalias,#zmb_step_crouch_walk_npc_glasscar
soundalias,#zmb_step_standard_walk
soundalias,#dst_car_glass_break_helo
soundalias,#amb_water_fountain_sml
soundalias,#exp_concussive_large
soundalias,#hash_ce515264013b887
soundalias,#zmb_step_standard_sprint_flesh
soundalias,#fly_bump_chain_door
soundalias,#hash_dc234a0880dd59b
soundalias,#hash_dc5a87ff79146e2
soundalias,#hash_dd77a0770d28e66
soundalias,#zmb_step_standard_run_paper
soundalias,#hash_de73182f138b62c
soundalias,#zmb_step_standard_walk_concrete
soundalias,#zmb_step_standard_run_grass
soundalias,#hash_e5e3a4161df1955
soundalias,#zmb_step_crouch_walk_npc_default
soundalias,#amb_leaves
soundalias,#zmb_step_standard_sprint_sand
soundalias,#hash_f32d9de6827bf7d
soundalias,#fly_step_water_move
soundalias,#wpn_ray_reload_open
soundalias,#vox_tvoi_tutor_prop_remove_dart_0
soundalias,#vox_tvoi_tutor_prop_remove_dart_1
soundalias,#exp_concussive_large_concussion
soundalias,#wpn_ray_1straise
soundalias,#zmb_ai_bfather_maggot_imp
soundalias,#zmb_step_blight_run_fruit
soundalias,#vox_tvoi_tutor_prop_tempest_chain_0
soundalias,#vox_tvoi_tutor_prop_tempest_chain_1
soundalias,#hash_11208c49d9176623
soundalias,#zmb_step_standard_sprint_plastic
soundalias,#zmb_step_standard_sprint_plaster
soundalias,#fly_step_car
soundalias,#pfx_spark_blue_loop
soundalias,#hash_11a7f1d08f9789a1
soundalias,#zmb_step_standard_run_ice
soundalias,#wpn_rgun_exp
soundalias,#zmb_vocals_zombie_behind
soundalias,#amb_water_flow_under
soundalias,#exp_veh_debris
soundalias,#zmb_step_crouch_walk_npc_brick
soundalias,#zmb_step_crouch_run_npc_grass
soundalias,#zmb_step_standard_walk_metalhollow
soundalias,#amb_spanish_news
soundalias,#exp_electrical_large_sweet
soundalias,#fly_step_wood_pallet_plr
soundalias,#hash_12feb7bcc206f153
soundalias,#zmb_step_blight_run_glasscar
soundalias,#dst_glass_radar_pane_hit
soundalias,#zmb_step_blight_run_paintedmetal
soundalias,#prj_crack_raygun_supersonic
soundalias,#vox_tvoi_tutor_prop_score_earn
soundalias,#fly_step_foliage_plr
soundalias,#pfx_paper_trash
soundalias,#hash_14e4b0f206308295
soundalias,#dst_car_glass_light_crack
soundalias,#zmb_step_blight_run_ceramic
soundalias,#fly_bump_container
soundalias,#zmb_powerup_vomit_lp
soundalias,#zmb_laststand_exit_plr
soundalias,#zmb_step_standard_sprint_default
soundalias,#zmb_step_standard_sprint_brick
soundalias,#fly_melee_imp_galva_metal
soundalias,#zmb_step_crouch_walk_npc_sand
soundalias,#zmb_step_blight_run_bark
soundalias,#fly_step_paper_plr
soundalias,#zmb_zombie_head_gib
soundalias,#zmb_step_crouch_run_npc_wood
soundalias,#zmb_player_outofbounds
soundalias,#hash_164524f657045498
soundalias,#zmb_ai_bfather_step_run
soundalias,#fly_step_shells_plr
soundalias,#zmb_step_standard_walk_rubber
soundalias,#zmb_step_standard_run_metal
soundalias,#zmb_ai_bfather_death_exp
soundalias,#fly_bump_weights
soundalias,#hash_1748d1d4950baec0
soundalias,#zmb_ai_bfather_step_close
soundalias,#amb_metal_creak_short
soundalias,#fly_golden_spork_first_raise
soundalias,#amb_ocean
soundalias,#dst_car_headlight_break
soundalias,#fly_step_grass_enter
soundalias,#vox_tvoi_tutor_prop_shoot_enemy_nag
soundalias,#zmb_step_standard_walk_carpet
soundalias,#zmb_step_blight_walk_glass
soundalias,#fly_bump_barrel_large
soundalias,#pfx_spark_thin
soundalias,#hash_18bcfb5b91b80370
soundalias,#fly_step_wood_creak_npc
soundalias,#zmb_step_standard_run_water
soundalias,#zmb_step_blight_run_metal
soundalias,#hash_194e5758679eed5a
soundalias,#hash_194e5858679eef0d
soundalias,#fly_step_chain_door
soundalias,#evt_player_swiped
soundalias,#zmb_step_standard_walk_ceramic
soundalias,#hash_19b37c3454f86a4a
soundalias,#zmb_electrocute_zombie
soundalias,#vox_tvoi_tutor_prop_wine_chain_success
soundalias,#zmb_step_standard_run_wood
soundalias,#exp_barrel
soundalias,#dst_water_bottle
soundalias,#zmb_step_standard_run_plaster
soundalias,#fly_bump_wirefence
soundalias,#zmb_step_standard_run_plastic
soundalias,#zmb_step_crouch_run_npc_asphalt
soundalias,#zmb_step_standard_run_metalhollow
soundalias,#fly_bump_wood
soundalias,#zmb_step_blight_walk_tallgrass
soundalias,#vox_tvoi_tutor_prop_wine_cellar_start
soundalias,#zmb_step_standard_sprint
soundalias,#dst_vegetable
soundalias,#wpn_rgun_fire_npc
soundalias,#pfx_fire_fall_follow
soundalias,#evt_tank_drive_1
soundalias,#evt_tank_drive_2
soundalias,#pfx_fire_fall
soundalias,#zmb_step_standard_run_metalthin
soundalias,#zmb_spawn_walla
soundalias,#zmb_attack_underwater_whoosh
soundalias,#zmb_step_blight_run_metalthin
soundalias,#zmb_step_standard_run_brick
soundalias,#zmb_ai_bfather_step_swt
soundalias,#zmb_step_standard_sprint_fruit
soundalias,#fly_step_gondola_exit
soundalias,#zmb_vocals_zombie_taunt
soundalias,#zmb_step_standard_sprint_bark
soundalias,#fly_step_tarp_npc
soundalias,#pfx_spark_orange_loop
soundalias,#zmb_step_blight_run_metalhollow
soundalias,#fly_step_tarp
soundalias,#amb_plastic_flag
soundalias,#zmb_step_crouch_run_npc_water
soundalias,#pfx_spark_shower_lng_far
soundalias,#fly_bump_car_int
soundalias,#zmb_step_standard_sprint_ceramic
soundalias,#dst_nitrogen_tank_leak
soundalias,#zmb_step_standard_run_paintedmetal
soundalias,#dst_fern
soundalias,#hash_200e28bcd26bab77
soundalias,#hash_200e2ebcd26bb5a9
soundalias,#fly_melee_imp_galva_npc_wood
soundalias,#fly_step_wood_board_exit
soundalias,#exp_armor_lfe
soundalias,#pfx_spark_shower_shrt
soundalias,#zmb_step_blight_walk_wood
soundalias,#zmb_step_standard_walk_grass
soundalias,#fly_step_stair_metal_exit
soundalias,#fly_melee_swipealt_player_knife
soundalias,#exp_armor_vehicle
soundalias,#hash_215e1891b2952ace
soundalias,#zmb_vocals_bfather_attack_melee
soundalias,#hash_21834e54848c0fd4
soundalias,#fly_step_gravel_oneshots_plr
soundalias,#fly_step_null
soundalias,#zmb_step_blight_walk_foliage
soundalias,#pfx_spark_bounce
soundalias,#zmb_character_revived
soundalias,#pfx_gas_pipe_burst
soundalias,#fly_step_twig_npc
soundalias,#pfx_fire_med
soundalias,#fly_step_gravel_plr
soundalias,#dst_car_rad_sputter
soundalias,#zmb_step_standard_run_watershallow
soundalias,#zmb_hit_alert_headshot_fatal
soundalias,#zmb_step_blight_run_ice
soundalias,#dst_car_parts_tiny
soundalias,#hash_22b25ac5673623f4
soundalias,#exp_incindiary_small
soundalias,#zmb_step_blight_run_metalcar
soundalias,#zmb_step_standard_run_cloth
soundalias,#hash_233e42de1d3dc67d
soundalias,#zmb_step_crouch_walk_npc_watershallow
soundalias,#zmb_step_standard_walk_metalcar
soundalias,#zmb_vocals_zombie_death
soundalias,#exp_veh_close_layer
soundalias,#zmb_step_standard_walk_snow
soundalias,#dst_dest_glo_fire_extinguisher_d0
soundalias,#hash_2487fc596a57617c
soundalias,#hash_2487fd596a57632f
soundalias,#fly_step_wood_pallet_npc
soundalias,#zmb_step_standard_run_bark
soundalias,#zmb_vocals_zombie_teardown
soundalias,#fly_melee_imp_galva_npc_metal
soundalias,#zmb_step_crouch_run_npc_cloth
soundalias,#dst_server_glass
soundalias,#hash_25eb2ecb06922b3e
soundalias,#hash_2613f24ad4fa5cbc
soundalias,#pfx_sml_rock_impact
soundalias,#dst_car_glass_crack
soundalias,#zmb_ai_bfather_spawn
soundalias,#fly_step_stair_metal_enter
soundalias,#exp_concussive_small_concussion
soundalias,#hash_26f44e1791eadfbd
soundalias,#zmb_step_blight_run_default
soundalias,#fly_bump_alum_door
soundalias,#dst_car_glass_break
soundalias,#fly_bump_truck
soundalias,#zmb_step_blight_walk_snow
soundalias,#dst_car_tire_deflate
soundalias,#wpn_rgun_flux_l_plr
soundalias,#pfx_glass_impact
soundalias,#zmb_step_blight_walk_gravel
soundalias,#zmb_death_nohead_blood
soundalias,#zmb_step_standard_walk_fruit
soundalias,#hash_288a6befcfe526f3
soundalias,#zmb_step_blight_walk_metalcatwalk
soundalias,#zmb_step_standard_walk_water
soundalias,#zmb_step_crouch_walk_npc_asphalt
soundalias,#zmb_step_crouch_run_npc_glass
soundalias,#amb_metal_creak_light
soundalias,#fly_melee_imp_galva_riot
soundalias,#pfx_fire_lrg
soundalias,#fly_zombie_jumpland_soft
soundalias,#zmb_step_blight_walk_sand
soundalias,#dst_paper
soundalias,#zmb_step_crouch_walk_npc_metalthin
soundalias,#zmb_step_standard_walk_wood
soundalias,#hash_29f2a9f49833dfaf
soundalias,#amb_paper_trash
soundalias,#fly_bump_metal_stall
soundalias,#hash_2a475119c0c9d7db
soundalias,#hash_2a6e793295de605f
soundalias,#hash_2ab195f91d187fe4
soundalias,#hash_2ab196f91d188197
soundalias,#hash_2ab197f91d18834a
soundalias,#hash_2ab198f91d1884fd
soundalias,#zmb_step_standard_sprint_ice
soundalias,#zmb_step_blight_walk_fruit
soundalias,#zmb_step_blight_walk_water
soundalias,#fly_step_brick
soundalias,#hash_2bbf8e33da4471bc
soundalias,#vox_tvoi_tutor_prop_remove_dart_fail
soundalias,#pfx_spark_med_far
soundalias,#fly_melee_lungealt_knife
soundalias,#dst_plant_lrg_debris
soundalias,#exp_transformer_flux_r
soundalias,#exp_transformer_flux_l
soundalias,#wpn_ray_reload_battery_in
soundalias,#fly_step_wood_board_enter
soundalias,#fly_bump_bottle
soundalias,#hash_2d336fa78e90d0db
soundalias,#pfx_gas_pipe_sweet
soundalias,#hash_2d86722dd6f0bfb8
soundalias,#wpn_rgun_fire_act_plr
soundalias,#dst_dest_reel2reel_01_dp_d0
soundalias,#dst_dest_reel2reel_01_dp_d1
soundalias,#dst_dest_reel2reel_01_dp_d2
soundalias,#fly_melee_imp_galva_cloth
soundalias,#hash_2dfe7f7f7939c1a7
soundalias,#hash_2e0cb845c72c1ce6
soundalias,#zmb_step_blight_run_bodyarmor
soundalias,#zmb_step_crouch_walk_npc_rock
soundalias,#exp_incindiary_large_lfe
soundalias,#zmb_step_blight_walk_paintedmetal
soundalias,#fly_melee_imp_galva_npc_metalcar
soundalias,#exp_mp_propane_tank_explo
soundalias,#vox_tvoi_tutor_prop_throw_seeker
soundalias,#fly_step_roof_tile_plr
soundalias,#exp_redbarrel
soundalias,#dst_server_power
soundalias,#amb_cloth_wind
soundalias,#zmb_step_standard_sprint_carpet
soundalias,#wpn_rgun_loop
soundalias,#pfx_water_trickle
soundalias,#zmb_step_blight_run_glass
soundalias,#hash_2f906af4529152ca
soundalias,#dst_foodstand
soundalias,#zmb_step_standard_sprint_asphalt
soundalias,#vox_tvoi_tutor_prop_enemy_seeker_first
soundalias,#zmb_step_blight_run_gravel
soundalias,#zmb_step_blight_walk_grass
soundalias,#evt_tank_shot
soundalias,#zmb_step_crouch_run_npc_cushion
soundalias,#evt_incendiary_fire_barrel_sm
soundalias,#zmb_death_gibss
soundalias,#exp_concussive_small
soundalias,#amb_platform_edge
soundalias,#zmb_step_crouch_walk_npc_paper
soundalias,#evt_incendiary_fire_barrel_lg
soundalias,#fly_step_water_enter
soundalias,#fly_melee_lunge_knife
soundalias,#amb_water_drip
soundalias,#fly_melee_swipe_victim_knife
soundalias,#zmb_step_standard_sprint_glassbulletproof
soundalias,#exp_barrel_close
soundalias,#hash_312343edef77b727
soundalias,#pfx_glass_fall
soundalias,#zmb_step_standard_sprint_tallgrass
soundalias,#fly_zombie_ground_climbout
soundalias,#hash_32c61d9b5703074c
soundalias,#zmb_step_crouch_run_npc_snow
soundalias,#zmb_ai_bfather_step_sprint
soundalias,#dst_spark_bounces
soundalias,#zmb_step_blight_walk_metal
soundalias,#fly_bump_irongate
soundalias,#zmb_step_standard_sprint_paper
soundalias,#hash_339eb8312fdc25d4
soundalias,#amb_fire_small
soundalias,#fly_bump_dishes
soundalias,#fly_step_roof_tile_npc
soundalias,#dst_rock_large
soundalias,#hash_34552851e74cac8e
soundalias,#fly_step_wood_creak_plr
soundalias,#zmb_step_standard_sprint_paintedmetal
soundalias,#zmb_step_standard_run_snow
soundalias,#zmb_step_crouch_run_npc_paper
soundalias,#amb_washing_machine
soundalias,#zmb_step_standard_sprint_cloth
soundalias,#amb_gust_dry_metal
soundalias,#vox_tvoi_tutor_prop_enemy_seeker_0
soundalias,#vox_tvoi_tutor_prop_enemy_seeker_1
soundalias,#fly_step_broken_glass_plr
soundalias,#wpn_ray_reload_close
soundalias,#zmb_step_blight_walk_metalthin
soundalias,#zmb_step_standard_run_mud
soundalias,#zmb_vocals_bfather_missile
soundalias,#exp_electrical_small_spark
soundalias,#zmb_step_crouch_run_npc_carpet
soundalias,#zmb_ai_bfather_missile_launch
soundalias,#zmb_step_blight_run_rubber
soundalias,#fly_step_turnstile_enter
soundalias,#fly_bump_tire
soundalias,#fly_bump_solid_metal
soundalias,#amb_pigeon
soundalias,#zmb_step_blight_run_cushion
soundalias,#zmb_step_blight_walk_bark
soundalias,#zmb_step_crouch_run_npc_glasscar
soundalias,#zmb_step_blight_walk_metalhollow
soundalias,#hash_373c94e1ffb849b0
soundalias,#hash_373e680ef615b078
soundalias,#hash_373e690ef615b22b
soundalias,#zmb_step_crouch_walk_npc_concrete
soundalias,#hash_37a8de4d53277755
soundalias,#fly_zombie_mantle_fast
soundalias,#zmb_step_crouch_walk_npc_bodyarmor
soundalias,#zmb_step_standard_walk_metalcatwalk
soundalias,#zmb_step_standard_sprint_rubber
soundalias,#hash_37f6e1d0ee8912ac
soundalias,#zmb_step_standard_sprint_glass
soundalias,#zmb_step_blight_walk_concrete
soundalias,#vox_tvoi_tutor_prop_wine_enemy_locate
soundalias,#zmb_step_crouch_run_npc_fruit
soundalias,#fly_step_broken_glass_npc
soundalias,#zmb_step_standard_run_cushion
soundalias,#hash_3941a65c4e672253
soundalias,#zmb_step_crouch_run_npc_tallgrass
soundalias,#fly_zombie_jumpland_hard_swt
soundalias,#zmb_step_blight_run_glassbulletproof
soundalias,#fly_melee_lungealt_victim_knife
soundalias,#hash_398e7ef7d4d05522
soundalias,#hash_398e7ff7d4d056d5
soundalias,#vox_tvoi_tutor_prop_score_plyr_dead
soundalias,#zmb_step_blight_walk_flesh
soundalias,#hash_3a29a5f77a7cb68a
soundalias,#hash_3a29a6f77a7cb83d
soundalias,#zmb_step_crouch_run_npc_glassbulletproof
soundalias,#zmb_step_standard_run_foliage
soundalias,#zmb_vocals_zombie_death_nohead
soundalias,#fly_bump_wood_board
soundalias,#zmb_vocals_bfather_pain
soundalias,#zmb_step_crouch_run_npc_concrete
soundalias,#amb_dank_wind
soundalias,#dst_solar_flux_l
soundalias,#dst_solar_flux_r
soundalias,#hash_3b6983b084cfef53
soundalias,#zmb_step_blight_run_paper
soundalias,#fly_melee_imp_galva_rock
soundalias,#zmb_step_blight_walk_metalcar
soundalias,#fly_golden_knife_first_raise
soundalias,#zmb_step_standard_walk_cloth
soundalias,#amb_chain_swing_1
soundalias,#amb_chain_swing_3
soundalias,#amb_chain_swing_2
soundalias,#zmb_step_crouch_run_npc_metal
soundalias,#hash_3c7b9b222c1518b3
soundalias,#zmb_ai_bfather_step_wood
soundalias,#zmb_step_crouch_walk_npc_mud
soundalias,#fly_step_tarp_plr
soundalias,#fly_bump_blinds
soundalias,#zmb_step_crouch_walk_npc_water
soundalias,#pfx_fire_sml
soundalias,#fly_bump_cabinet
soundalias,#fly_melee_imp_galva_plastic
soundalias,#hash_3da84622f4be7b95
soundalias,#fly_step_corr_metal_enter
soundalias,#zmb_step_standard_run_carpet
soundalias,#zmb_vocals_zombie_attack_melee
soundalias,#zmb_step_standard_walk_watershallow
soundalias,#fly_step_branches_npc
soundalias,#fly_step_wood_stairs_npc
soundalias,#dst_plant_sm_debris
soundalias,#exp_barrel_flux_r
soundalias,#exp_barrel_flux_l
soundalias,#hash_3eab01eef538f70a
soundalias,#vox_tvoi_tutor_prop_enemy_stun
soundalias,#hash_3f2febc0250ace29
soundalias,#hash_3f8d713abf4d10fe
soundalias,#zmb_step_standard_sprint_metal
soundalias,#zmb_vocals_zombie_mutate
soundalias,#evt_tank_idle
soundalias,#amb_water_drip_water
soundalias,#zmb_step_standard_sprint_water
soundalias,#pfx_fire_ceiling_sml
soundalias,#hash_403ba8c0b5d62e30
soundalias,#zmb_step_blight_run_metalcatwalk
soundalias,#fly_zombie_jumpland_hard
soundalias,#hash_4129cf9133e09d53
soundalias,#zmb_step_crouch_run_npc_metalthin
soundalias,#zmb_step_crouch_walk_npc_metal
soundalias,#vox_tvoi_tutor_prop_wine_seeker_follow_nag
soundalias,#hash_420be74d275dec7c
soundalias,#zmb_step_crouch_run_npc_sand
soundalias,#zmb_step_blight_run_mud
soundalias,#hash_43052a90488ebe28
soundalias,#zmb_step_standard_run_ceramic
soundalias,#vox_tvoi_tutor_prop_one_enemy_1
soundalias,#vox_tvoi_tutor_prop_one_enemy_0
soundalias,#dst_hydrant_end_loop
soundalias,#dst_gas_canister_open
soundalias,#exp_nitrogen_tank_lfe
soundalias,#exp_veh_small
soundalias,#fly_step_glass
soundalias,#hash_43cfbbee98fb0071
soundalias,#zmb_step_blight_run_rock
soundalias,#zmb_vocals_bfather_bodyfall_pain
soundalias,#hash_448bc3b1d8f101fe
soundalias,#zmb_step_blight_walk_cushion
soundalias,#hash_44bc8ed5568a81b6
soundalias,#pfx_spark_generic
soundalias,#fly_step_gondola_enter
soundalias,#pfx_fire_incendiary
soundalias,#pfx_light_buzz
soundalias,#fly_melee_imp_galva_npc_glass
soundalias,#hash_456af38afaef9d77
soundalias,#hash_456af98afaefa7a9
soundalias,#zmb_step_crouch_walk_npc_ceramic
soundalias,#fly_step_puddle_move_npc
soundalias,#hash_45a87a32ed98445a
soundalias,#zmb_step_standard_walk_cushion
soundalias,#amb_water_drip_imp
soundalias,#fly_zombie_mantle_slow
soundalias,#hash_46c4843e8f5d2451
soundalias,#hash_46e57be3cc9f9cd7
soundalias,#zmb_hit_alert_headshot
soundalias,#pfx_fire_embers
soundalias,#zmb_step_crouch_run_npc_paintedmetal
soundalias,#dst_garbage_bag
soundalias,#zmb_step_blight_run_tallgrass
soundalias,#hash_480e1f7a5e8631cb
soundalias,#exp_veh_large
soundalias,#hash_483d241cde025578
soundalias,#hash_4846299866b4a63f
soundalias,#fly_step_paper_npc
soundalias,#exp_barrel_fire
soundalias,#zmb_step_standard_walk_foliage
soundalias,#zmb_step_crouch_walk_npc_gravel
soundalias,#zmb_step_standard_run_gravel
soundalias,#amb_fire_sml
soundalias,#zmb_step_standard_walk_dirt
soundalias,#zmb_step_crouch_walk_npc_grass
soundalias,#fly_bump_vend_small
soundalias,#wpn_melee_knife_whoosh_plr
soundalias,#exp_electrical_small
soundalias,#fly_melee_imp_galva_metalcar
soundalias,#vox_tvoi_tutor_prop_slide_2_nag
soundalias,#amb_fridge_hum
soundalias,#zmb_step_blight_run_flesh
soundalias,#fly_step_wood_move_intermittent
soundalias,#hash_4a8d1b7e7e42364c
soundalias,#hash_4a8d1c7e7e4237ff
soundalias,#hash_4a8d1d7e7e4239b2
soundalias,#hash_4a8d1e7e7e423b65
soundalias,#dst_pipe_water
soundalias,#pfx_fire_lantern
soundalias,#amb_gust_rand_debris
soundalias,#fly_step_diamond_plate
soundalias,#hash_4b09bcff0797309e
soundalias,#fly_bump_desk
soundalias,#hash_4b624dad2a08a6cd
soundalias,#hash_4b8f5da922f38e16
soundalias,#zmb_step_standard_sprint_metalthin
soundalias,#dst_dest_glo_paper_04_d0
soundalias,#exp_concussive_small_lfe
soundalias,#zmb_step_standard_walk_glasscar
soundalias,#zmb_death_gibs
soundalias,#exp_nitrogen_flux_r
soundalias,#exp_nitrogen_flux_l
soundalias,#zmb_step_standard_sprint_grass
soundalias,#hash_4ca3d2aaa573f1c8
soundalias,#hash_4cb4308317ecf7a6
soundalias,#zmb_step_standard_run_rubber
soundalias,#pfx_car_fire
soundalias,#fly_bump_cardboard_sm
soundalias,#dst_solar_panel_lrg
soundalias,#pfx_gas_pipe_fire
soundalias,#dst_solar_panel_lfe
soundalias,#zmb_powerup_vomit_cleaned
soundalias,#fly_step_grate_move
soundalias,#zmb_step_standard_sprint_wood
soundalias,#fly_bump_shelf_scoot
soundalias,#zmb_step_crouch_run_npc_metalhollow
soundalias,#zmb_step_standard_sprint_watershallow
soundalias,#fly_bump_mannequin
soundalias,#amb_seagulls
soundalias,#zmb_step_crouch_walk_npc_bark
soundalias,#hash_4ec3d082638c7030
soundalias,#dst_propane_tank_explo
soundalias,#zmb_step_standard_sprint_dirt
soundalias,#vox_tvoi_tutor_prop_seeker_mine_nag
soundalias,#fly_step_corr_metal
soundalias,#zmb_step_standard_walk_bark
soundalias,#vox_tvoi_tutor_prop_score_nag
soundalias,#dst_pipe_steam
soundalias,#fly_bump_glass_pane
soundalias,#fly_bump_cardboard
soundalias,#hash_4ffd8ac85d3a7cbb
soundalias,#dst_glass_pane
soundalias,#hash_5069ed8fdae493ce
soundalias,#zmb_electrocute_zombie_swt
soundalias,#zmb_step_crouch_run_npc_bark
soundalias,#fly_melee_imp_galva_npc_rock
soundalias,#hash_509756d0fbd7b460
soundalias,#zmb_step_blight_walk_asphalt
soundalias,#fly_step_rock_rubble
soundalias,#zmb_step_standard_sprint_metalcatwalk
soundalias,#zmb_step_standard_run_glass
soundalias,#hash_510731dfbe637192
soundalias,#fly_bump_fridge
soundalias,#fly_step_container
soundalias,#zmb_step_crouch_run_npc_foliage
soundalias,#zmb_step_crouch_run_npc_rock
soundalias,#fly_bump_brick
soundalias,#zmb_step_crouch_walk_npc_metalhollow
soundalias,#zmb_step_blight_walk_ice
soundalias,#exp_electrical_large
soundalias,#pfx_spark_generic_far
soundalias,#zmb_ai_bfather_maggot_imp_swt
soundalias,#dst_dest_glo_paper_01_d0
soundalias,#zmb_vocals_zombie_sprint
soundalias,#fly_zombie_hand
soundalias,#wpn_rgun_exp_flux_r
soundalias,#wpn_rgun_exp_flux_l
soundalias,#dst_server
soundalias,#fly_step_shells_sweet_plr
soundalias,#evt_player_clawed
soundalias,#zmb_step_blight_run_concrete
soundalias,#hash_53ea2f2d1129a3d7
soundalias,#vox_tvoi_tutor_prop_seeker_enemy_dead_1
soundalias,#vox_tvoi_tutor_prop_seeker_enemy_dead_0
soundalias,#chr_revive_syrette_toss
soundalias,#fly_step_brush_exit
soundalias,#dst_pipe_steam_pop
soundalias,#fly_step_gravel_oneshots_npc
soundalias,#dst_garbage_bag_02
soundalias,#zmb_step_crouch_run_npc_ice
soundalias,#pfx_dirt_impact
soundalias,#fly_step_twigs_plr
soundalias,#fly_step_truck_off
soundalias,#zmb_step_standard_run
soundalias,#hash_553c8042d558151c
soundalias,#zmb_fall_land
soundalias,#zmb_step_standard_walk_asphalt
soundalias,#dst_car_wheel
soundalias,#dst_wood
soundalias,#hash_560e1cb348d4600f
soundalias,#vox_tvoi_tutor_prop_tempest_0
soundalias,#vox_tvoi_tutor_prop_tempest_1
soundalias,#wpn_ray_1straise_dial
soundalias,#pfx_spark_bounce_blue
soundalias,#dst_car_glass_piece
soundalias,#wpn_melee_galva
soundalias,#zmb_step_crouch_walk_npc_glassbulletproof
soundalias,#amb_church_bells
soundalias,#zmb_ai_bfather_death_exp_swt
soundalias,#vox_tvoi_tutor_prop_distract_enemy_nag
soundalias,#dst_glass_windshield_damage
soundalias,#prj_whizby_raygun
soundalias,#zmb_step_standard_walk_rock
soundalias,#zmb_vocals_zombie_taunt_v1
soundalias,#dst_steam_pipe_lp
soundalias,#zmb_step_standard_run_concrete
soundalias,#hash_587654df1eb82b80
soundalias,#zmb_vocals_zombie_electrocute
soundalias,#amb_waterfall
soundalias,#hash_58df62ae7fa7b42b
soundalias,#exp_electrical_large_spark
soundalias,#exp_concussive_large_lfe
soundalias,#fly_step_brush_move
soundalias,#dst_hotdog_cart
soundalias,#dst_fire_extinguisher
soundalias,#zmb_step_standard_sprint_foliage
soundalias,#dst_dest_gascan_01_dp_d0
soundalias,#dst_plant_sm
soundalias,#hash_5a0f42ba113a1e1b
soundalias,#pfx_fire_barrel
soundalias,#zmb_step_standard_sprint_cushion
soundalias,#zmb_step_crouch_run_npc_rubber
soundalias,#wpn_rgun_fire_plr
soundalias,#zmb_step_standard_run_metalcatwalk
soundalias,#zmb_step_crouch_walk_npc_carpet
soundalias,#hash_5ab96b664239250b
soundalias,#fly_bump_barrelcage
soundalias,#hash_5b008f6def7dfb39
soundalias,#hash_5b00906def7dfcec
soundalias,#hash_5b00916def7dfe9f
soundalias,#hash_5b00926def7e0052
soundalias,#hash_5b00936def7e0205
soundalias,#hash_5b18895703fba823
soundalias,#fly_step_grate_npc
soundalias,#pfx_prj_impact_bounce
soundalias,#zmb_step_standard_run_glassbulletproof
soundalias,#zmb_step_crouch_walk_npc_plastic
soundalias,#zmb_step_crouch_walk_npc_plaster
soundalias,#fly_bump_foliage
soundalias,#fly_step_wood_board_move
soundalias,#hash_5c1719895d89fa97
soundalias,#zmb_step_blight_walk_rock
soundalias,#fly_step_corr_metal_exit
soundalias,#vox_tvoi_tutor_prop_enemy_seeker_fail_nag
soundalias,#dst_transformer_explo
soundalias,#fly_step_wood_move
soundalias,#vox_tvoi_tutor_prop_chain_group_stun_nag
soundalias,#zmb_step_crouch_run_npc_metalcar
soundalias,#fly_bump_steelfence
soundalias,#vox_tvoi_tutor_prop_chain_group_stun
soundalias,#evt_tank_crash
soundalias,#dst_fruit
soundalias,#fly_zombie_hand_swt
soundalias,#zmb_step_blight_walk_paper
soundalias,#zmb_step_blight_walk_ceramic
soundalias,#zmb_step_standard_walk_mud
soundalias,#zmb_bfather_bodyfall
soundalias,#exp_nitrogen_tank_explo
soundalias,#zmb_laststand_enter_plr
soundalias,#dst_car_fire
soundalias,#fly_bump_rebar_concrete
soundalias,#zmb_step_standard_sprint_snow
soundalias,#hash_5eee0745d94d4b04
soundalias,#fly_step_twig
soundalias,#dst_generic_glass_large
soundalias,#amb_wind_interior_2d
soundalias,#zmb_step_standard_sprint_concrete
soundalias,#amb_water_steps
soundalias,#zmb_plr_toast_stinger
soundalias,#hash_5fb571057d1baaaf
soundalias,#fly_melee_imp_galva_glass
soundalias,#dst_hydrant_destroyed_loop
soundalias,#zmb_step_standard_run_sand
soundalias,#fly_bump_trashcan
soundalias,#amb_tree_leaves
soundalias,#hash_603d9fbe8af4a8b3
soundalias,#fly_step_shells
soundalias,#exp_electrical_large_lfe
soundalias,#zmb_step_crouch_walk_npc_ice
soundalias,#wpn_rgun_exp_cl
soundalias,#pfx_backdraft
soundalias,#hash_6140aedea49c901e
soundalias,#zmb_step_blight_run_asphalt
soundalias,#vox_tvoi_tutor_prop_score_hit
soundalias,#zmb_step_crouch_run_npc_plastic
soundalias,#zmb_step_crouch_run_npc_plaster
soundalias,#pfx_spark_blue_loop_loud
soundalias,#p_dest_paper_stack02
soundalias,#p_dest_paper_stack01
soundalias,#zmb_step_crouch_walk_npc_snow
soundalias,#hash_628d31adb5e65260
soundalias,#hash_62c26d0f2eb9a6ca
soundalias,#zmb_step_crouch_walk_npc_paintedmetal
soundalias,#fly_melee_lunge_victim_knife
soundalias,#pfx_splash_lrg
soundalias,#fly_melee_imp_galva_npc_cloth
soundalias,#vox_tvoi_tutor_prop_chain_group_1
soundalias,#vox_tvoi_tutor_prop_chain_group_0
soundalias,#amb_flies
soundalias,#pfx_spark_lrg
soundalias,#fly_step_gravel_npc
soundalias,#zmb_vocals_bfather_sprint
soundalias,#fly_step_tanker
soundalias,#hash_63a6bc4a3512e04e
soundalias,#hash_63c5e2c0cbf46688
soundalias,#hash_63c5e3c0cbf4683b
soundalias,#hash_63c5e4c0cbf469ee
soundalias,#vox_tvoi_tutor_prop_one_enemy_stun_nag
soundalias,#zmb_step_standard_walk_glass
soundalias,#wpn_rgun_fire_lfe_plr
soundalias,#fly_step_rocks
soundalias,#chr_revive_syrette_stab
soundalias,#pfx_spark_shower_lng
soundalias,#fly_step_grass_exit
soundalias,#amb_gust_dry
soundalias,#zmb_step_crouch_walk_npc_rubber
soundalias,#amb_rats
soundalias,#fly_step_shells_sweet_npc
soundalias,#zmb_step_standard_walk_gravel
soundalias,#zmb_step_crouch_walk_npc_flesh
soundalias,#zmb_ai_bfather_step_walk
soundalias,#fly_step_turnstile_exit
soundalias,#mus_mozart
soundalias,#hash_663899d42687914d
soundalias,#vox_tvoi_tutor_prop_start_0
soundalias,#vox_tvoi_tutor_prop_start_1
soundalias,#zmb_step_blight_walk_rubber
soundalias,#exp_incindiary_large
soundalias,#zmb_step_standard_sprint_metalcar
soundalias,#hash_66edd342df7791fd
soundalias,#pfx_spark_xlrg
soundalias,#hash_6740d58ccd4742e5
soundalias,#zmb_step_crouch_walk_npc_tallgrass
soundalias,#zmb_step_crouch_walk_npc_metalcatwalk
soundalias,#fly_step_branches_plr
soundalias,#fly_step_wood_stairs_plr
soundalias,#wpn_rgun_fire_lfe_npc
soundalias,#zmb_step_blight_run_carpet
soundalias,#exp_incindiary_small_hdr
soundalias,#hash_67fe68eec41d210f
soundalias,#zmb_step_standard_walk_bodyarmor
soundalias,#amb_wind_tree_creak_r
soundalias,#amb_wind_tree_creak_l
soundalias,#fly_step_mattress_npc
soundalias,#zmb_vocals_zombie_crawler
soundalias,#wpn_rgun_flux_l_npc
soundalias,#fly_spoon_first_raise
soundalias,#hash_688511217159dca2
soundalias,#dst_car_headlight_smash
soundalias,#fly_fall_zombie
soundalias,#exp_armor_dist
soundalias,#zmb_step_standard_run_fruit
soundalias,#hash_68dc0150eb388efa
soundalias,#zmb_step_blight_walk_dirt
soundalias,#zmb_step_crouch_walk_npc_metalcar
soundalias,#zmb_step_crouch_walk_npc_foliage
soundalias,#amb_buoy_loop
soundalias,#zmb_step_standard_run_rock
soundalias,#dst_dest_jun_typewriter_d0
soundalias,#pfx_splash_med
soundalias,#hash_6a3a7714a2c454fb
soundalias,#fly_melee_imp_galva_wood
soundalias,#dst_luggage
soundalias,#dst_generic_glass_crack
soundalias,#hash_6af0eaa117d3fe32
soundalias,#hash_6b56372df0bdb444
soundalias,#fly_step_catwalk_metal
soundalias,#pfx_fire_xlrg
soundalias,#dst_generic_glass_med
soundalias,#wpn_melee_foley_swt
soundalias,#dst_vase
soundalias,#chr_revive_syrette_open
soundalias,#zmb_fire_loop
soundalias,#zmb_step_standard_run_asphalt
soundalias,#zmb_step_standard_walk_default
soundalias,#zmb_step_standard_sprint_metalhollow
soundalias,#hash_6d4bf4b06eb5cef1
soundalias,#exp_armor_debris
soundalias,#fly_bump_pipe
soundalias,#dst_electronics_elc_sm
soundalias,#pfx_spark_med
soundalias,#zmb_step_blight_run_plastic
soundalias,#zmb_step_blight_run_plaster
soundalias,#fly_step_mattress_plr
soundalias,#zmb_player_health_drain
soundalias,#fly_golden_knife_first_raise_npc
soundalias,#hash_6ece725489e4c1a4
soundalias,#hash_6ece745489e4c50a
soundalias,#hash_6ece755489e4c6bd
soundalias,#zmb_step_standard_run_bodyarmor
soundalias,#zmb_step_blight_run_grass
soundalias,#fly_melee_swipealt_knife
soundalias,#zmb_vocals_bfather_death
soundalias,#zmb_step_standard_walk_flesh
soundalias,#zmb_step_standard_run_metalcar
soundalias,#pfx_spark_pop
soundalias,#exp_veh_decay
soundalias,#fly_bump_generic_metal
soundalias,#zmb_step_standard_run_tallgrass
soundalias,#hash_719775c44cc7a0b2
soundalias,#fly_step_twigs_npc
soundalias,#hash_71c197093aa34457
soundalias,#hash_71c198093aa3460a
soundalias,#hash_71c199093aa347bd
soundalias,#fly_step_grass_move
soundalias,#dst_trash_bag
soundalias,#zmb_step_crouch_run_npc_flesh
soundalias,#zmb_step_standard_walk_metalthin
soundalias,#amb_car_fire
soundalias,#wpn_melee_knife_whoosh_npc
soundalias,#zmb_step_blight_run_dirt
soundalias,#zmb_step_blight_walk_mud
soundalias,#zmb_step_crouch_walk_npc_fruit
soundalias,#amb_wood_creak
soundalias,#exp_veh_flux_l
soundalias,#exp_veh_flux_r
soundalias,#fly_melee_swipe_knife
soundalias,#amb_water_fountain
soundalias,#zmb_step_standard_sprint_glasscar
soundalias,#zmb_step_blight_run_foliage
soundalias,#fly_step_brush_enter
soundalias,#zmb_ai_bfather_spawn_burst
soundalias,#hash_7472ee0680fbe7af
soundalias,#zmb_vocals_zombie_pain
soundalias,#vox_tvoi_tutor_prop_final_event
soundalias,#fly_step_foliage_npc
soundalias,#zmb_step_standard_run_dirt
soundalias,#wpn_rgun_flux_r_npc
soundalias,#pfx_flies
soundalias,#zmb_step_blight_walk_carpet
soundalias,#zmb_step_standard_run_flesh
soundalias,#hash_75250cd5dd02c6c0
soundalias,#hash_75250dd5dd02c873
soundalias,#pfx_dirt_fall
soundalias,#evt_player_swiped_victim
soundalias,#fly_bump_branch
soundalias,#hash_75b523ba694eea96
soundalias,#dst_ceramic_pot
soundalias,#hash_75d35081fe6484d4
soundalias,#hash_75d35181fe648687
soundalias,#zmb_step_blight_walk_bodyarmor
soundalias,#zmb_step_crouch_run_npc_brick
soundalias,#pfx_lrg_rock_impact
soundalias,#vox_tvoi_tutor_prop_wine_comp_4
soundalias,#vox_tvoi_tutor_prop_wine_comp_1
soundalias,#vox_tvoi_tutor_prop_wine_comp_0
soundalias,#vox_tvoi_tutor_prop_wine_comp_3
soundalias,#vox_tvoi_tutor_prop_wine_comp_2
soundalias,#zmb_step_standard_sprint_bodyarmor
soundalias,#zmb_step_standard_walk_paper
soundalias,#hash_76711f94e9fc32da
soundalias,#hash_76712094e9fc348d
soundalias,#amb_water_lapping
soundalias,#zmb_step_blight_run_water
soundalias,#fly_step_shells_npc
soundalias,#zmb_step_standard_walk_brick
soundalias,#pfx_t8_spark_sm
soundalias,#dst_car_cooldown
soundalias,#fly_melee_lungealt_player_knife
soundalias,#fly_bump_cupboard
soundalias,#hash_772ab13062131d53
soundalias,#hash_772ab23062131f06
soundalias,#dst_dest_reel2reel_02_dp_d0
soundalias,#wpn_rgun_fire_act_npc
soundalias,#dst_plant_lrg
soundalias,#fly_riotshield_zm_impact_zombies
soundalias,#fly_bump_phone_booth
soundalias,#vox_tvoi_tutor_prop_one_enemy_stun_0
soundalias,#vox_tvoi_tutor_prop_one_enemy_stun_1
soundalias,#vox_tvoi_tutor_prop_one_enemy_stun_2
soundalias,#fly_step_metal
soundalias,#zmb_step_standard_sprint_gravel
soundalias,#exp_electrical_small_lfe
soundalias,#amb_exhuast
soundalias,#fly_bump_bike
soundalias,#exp_incindiary_large_flux_l
soundalias,#exp_incindiary_large_flux_r
soundalias,#hash_77c6ce9bf6da35f4
soundalias,#amb_turbine_vent
soundalias,#dst_wood_crate
soundalias,#fly_step_puddle_move_plr
soundalias,#amb_gust_grate
soundalias,#zmb_step_crouch_run_npc_mud
soundalias,#zmb_step_blight_run_snow
soundalias,#zmb_step_standard_walk_tallgrass
soundalias,#zmb_ai_bfather_gas_attack
soundalias,#fly_step_twig_plr
soundalias,#dst_car_oil_drip
soundalias,#amb_ceiling_fan
soundalias,#fly_spoon_first_raise_npc
soundalias,#wpn_ray_reload_battery_out
soundalias,#zmb_step_standard_run_glasscar
soundalias,#zmb_vocals_zombie_ambient
soundalias,#zmb_step_blight_walk_glassbulletproof
soundalias,#dst_generic_glass_small
soundalias,#fly_bump_toolbox
soundalias,#zmb_step_crouch_walk_npc_wood
soundalias,#zmb_step_crouch_run_npc_gravel
soundalias,#fly_step_truck_move
soundalias,#zmb_step_blight_walk_cloth
soundalias,#zmb_vocals_bfather_ambient
soundalias,#exp_veh_plane_spinout_lp
soundalias,#hash_7ac5fa6568de2461
soundalias,#zmb_step_standard_walk_glassbulletproof
soundalias,#hash_7ad11f626a94fdd5
soundalias,#dst_glass_radar_pane_break
soundalias,#zmb_laststand_lp_plr
soundalias,#fly_bump_tarp
soundalias,#fly_step_truck_on
soundalias,#exp_veh_med
soundalias,#zmb_step_blight_run_brick
soundalias,#fly_golden_spork_first_raise_npc
soundalias,#hash_7c8c356945d5ecae
soundalias,#hash_7c8c366945d5ee61
soundalias,#fly_bump_tarpcrate
soundalias,#fly_melee_imp_galva_npc_plastic
soundalias,#zmb_step_blight_walk_glasscar
soundalias,#zmb_step_standard_sprint_rock
soundalias,#fly_step_crawler
soundalias,#amb_wood_creak_hvy
soundalias,#exp_incindiary_large_decay
soundalias,#zmb_step_crouch_run_npc_watershallow
soundalias,#zmb_step_crouch_run_npc_metalcatwalk
soundalias,#evt_fan_break
soundalias,#zmb_step_standard_run_default
soundalias,#zmb_step_crouch_run_npc_bodyarmor
soundalias,#vox_tvoi_tutor_prop_one_enemy_nag
soundalias,#zmb_step_blight_run_watershallow
soundalias,#amb_occ_fan
soundalias,#fly_bump_shelf
soundalias,#zmb_step_standard_walk_metal
soundalias,#zmb_step_crouch_walk_npc_dirt
soundalias,#hash_7f067d9322e18ffa
soundalias,#hash_7f118ea3a4874268
soundalias,#zmb_player_electrocuted_swt
soundalias,#fly_bump_locker
soundalias,#zmb_ai_bfather_run_atk
soundalias,#amb_insects
soundalias,#zmb_ai_bfather_maggot_spawn
soundalias,#fly_bump_cloth
soundalias,#exp_barrel_dist
client_fx,#hash_c720ceb85f8d58
client_fx,#hash_15df7a3c718102a
client_fx,#vehicle/fx_headlight_hemtt_left
client_fx,#weapon/fx_trail_quad_rocket
client_fx,#hash_255bae38528d46b
client_fx,#explosions/fx8_exp_grenade_default
client_fx,#hash_33771e94b2c2583
client_fx,#impacts/fx_bul_impact_heavy_head_nonfatal_exit
client_fx,#ui/fx_dom_cap_indicator_team_r90
client_fx,#fire/fx_fire_ai_human_torso_loop
client_fx,#player/fx_plyr_jump_dust_dirt
client_fx,#fire/fx_fire_ai_human_leg_right_loop
client_fx,#fire/fx_fire_ai_human_head_loop
client_fx,#dirt/fx8_dust_fall_crumble_rattle
client_fx,#water/fx8_water_surface_rattle
client_fx,#impacts/fx_bul_impact_boss_body_nonfatal_exit
client_fx,#hash_1008bbbc9ba91883
client_fx,#hash_108cfc8cc7b79388
client_fx,#hash_1093d48cc7bd6e3e
client_fx,#hash_10cab6f6345be4d8
client_fx,#impacts/fx8_bul_impact_metal_sm
client_fx,#impacts/fx8_bul_impact_blood_head_nonfatal_exit
client_fx,#hash_1310ea39ad59decb
client_fx,#hash_14afd4768e3a89ef
client_fx,#hash_1521ce53ec399273
client_fx,#destruct/fx_dest_window_glass_edge
client_fx,#impacts/fx8_bul_impact_blood_limb_zm
client_fx,#hash_1890445e80341b3e
client_fx,#tools/fx_null
client_fx,#fire/fx_fire_ai_human_hip_right_loop
client_fx,#hash_19464c4c5b91297b
client_fx,#impacts/fx8_bul_impact_robot_head_fatal_exit
client_fx,#hash_19f390eac78920bb
client_fx,#blood/fx8_blood_cam_gib_spray_zm
client_fx,#hash_1e3fc11990603f72
client_fx,#impacts/fx_bul_impact_heavy_head_fatal_exit
client_fx,#player/fx_plyr_land_dust_xlg
client_fx,#hash_1fd8f382482623f7
client_fx,#hash_212bce954d1e21ea
client_fx,#hash_213b84f5f5775699
client_fx,#hash_216a80d318575efb
client_fx,#ui/fx_dom_cap_indicator_neutral_r120
client_fx,#impacts/fx8_bul_impact_robot_body_nonfatal_exit
client_fx,#impacts/fx8_bul_impact_blood_limb_fatal_exit
client_fx,#fire/fx_fire_ai_human_arm_right_loop
client_fx,#impacts/fx_bul_impact_boss_head_nonfatal_exit
client_fx,#hash_269f259a4cd762e8
client_fx,#impacts/fx8_bul_impact_metal_xsm
client_fx,#ui/fx_dom_marker_neutral_r120
client_fx,#hash_28bffb519fb81d5b
client_fx,#destruct/fx_dest_paper
client_fx,#hash_2b3021da94a64978
client_fx,#fire/fx_fire_ai_human_leg_left_loop
client_fx,#impacts/fx8_bul_impact_robot_limb_fatal_exit
client_fx,#explosions/fx_vexp_truck_pickup
client_fx,#hash_2e94c3f0bd739180
client_fx,#impacts/fx_bul_impact_heavy_body_nonfatal_exit
client_fx,#hash_30c6743904798c76
client_fx,#hash_311a865a91014b22
client_fx,#hash_31dc43b5cf4c60f2
client_fx,#hash_32f753ce767010e4
client_fx,#impacts/fx8_bul_impact_blood_body_fatal_exit
client_fx,#debris/fx8_debris_glass_fall_rattle
client_fx,#impacts/fx_bul_impact_snow_sm
client_fx,#hash_39acb811aabc7232
client_fx,#hash_3c9948ab313a6483
client_fx,#impacts/fx8_bul_impact_blood_limb_nonfatal_exit
client_fx,#foliage/fx8_leaves_ground_rattle
client_fx,#impacts/fx_bul_impact_armor_body_fatal_exit
client_fx,#hash_40f4c2f5a7d7e23a
client_fx,#impacts/fx_bul_impact_armor_head_fatal_exit
client_fx,#hash_42f307b1c7e0ef54
client_fx,#ui/fx_dom_marker_team_r90
client_fx,#ui/fx_dom_cap_indicator_team_r120
client_fx,#impacts/fx_bul_impact_heavy_body_fatal_exit
client_fx,#hash_48da7ad5f87a2a1e
client_fx,#vehicle/fx_treadfx_asphalt_skid_emit
client_fx,#hash_49a7a614c75cfdbf
client_fx,#vehicle/fx_treadfx_snow_skid_emit
client_fx,#hash_4b047008007a4310
client_fx,#impacts/fx8_bul_impact_blood_head_fatal_exit
client_fx,#hash_4c24e997afad36e0
client_fx,#snow/fx8_snow_ground_wet_rattle
client_fx,#hash_4e7218bfa9566ef0
client_fx,#hash_503192839d9bde33
client_fx,#impacts/fx_bul_impact_armor_body_nonfatal_exit
client_fx,#impacts/fx8_bul_impact_blood_body_nonfatal_exit
client_fx,#player/fx_plyr_footstep_dust_dirt
client_fx,#impacts/fx8_bul_impact_blood_body_nonfatal_zm
client_fx,#hash_57034716c105e41e
client_fx,#vehicle/fx_treadfx_asphalt_peel
client_fx,#hash_579249bb3e73d8c9
client_fx,#hash_5821ea4cefbbfac9
client_fx,#hash_586445f2c9a8db89
client_fx,#ui/fx_dom_marker_neutral_r90
client_fx,#hash_59422cff58693587
client_fx,#dirt/fx8_dust_debris_wall_rattle
client_fx,#zm_ai/fx8_blightfather_weakspot_jaw_exp
client_fx,#explosions/fx_exp_grenade_water
client_fx,#hash_5f247e5ee77f7108
client_fx,#impacts/fx_bul_impact_armor_head_nonfatal_exit
client_fx,#hash_5fbdbf1783f703ae
client_fx,#impacts/fx8_bul_impact_robot_head_nonfatal_exit
client_fx,#hash_608d45c0a8b82049
client_fx,#ui/fx_dom_marker_team_r120
client_fx,#player/fx_plyr_jump_dust
client_fx,#fire/fx_fire_ai_human_hip_left_loop
client_fx,#hash_63683460e66400a8
client_fx,#impacts/fx_bul_impact_boss_body_fatal_exit
client_fx,#hash_6627d7581658d780
client_fx,#dirt/fx8_dust_ground_rattle
client_fx,#impacts/fx8_bul_impact_blood_corpse_nonfatal
client_fx,#hash_6da8e3354673a4c0
client_fx,#player/fx_plyr_land_dust_dirt_xlg
client_fx,#hash_7240c9c35d80dab2
client_fx,#explosions/fx_exp_rocket_quadtank_default
client_fx,#impacts/fx8_bul_impact_robot_limb_nonfatal_exit
client_fx,#impacts/fx8_bul_impact_blood_body_fatal_zm
client_fx,#fire/fx_fire_ai_human_arm_left_loop
client_fx,#impacts/fx_bul_impact_boss_head_fatal_exit
client_fx,#player/fx_plyr_footstep_dust
client_fx,#hash_743aa928e83286d6
client_fx,#hash_74460d2a014c8521
client_fx,#hash_74f01ad183c69a5c
client_fx,#hash_74f6f2d183cc7512
client_fx,#hash_77a8c32592d4dc2f
client_fx,#hash_792c9bdd6ccaf244
client_fx,#hash_7a2b64f7a1e28505
client_fx,#zombie/fx_val_chest_burst
client_fx,#hash_7b0086164829ac0f
client_fx,#hash_7b951deec27b35c1
client_fx,#weapon/fx_muz_veh_quad_rocket_3p
client_fx,#ui/fx_dom_cap_indicator_neutral_r90
client_fx,#impacts/fx8_bul_impact_robot_body_fatal_exit
client_fx,#hash_7cced41e0b367ca6
client_fx,#hash_7d69ee9822b45157
client_fx,#hash_7d7050073ce880fd
client_fx,#hash_7d975b57cce20860
client_fx,#hash_7edcc6c60385d08e
client_fx,#hash_7f3bd1e736bb4859