#killnone,0,0,0,0,0,FALSE,0,FALSE,&#,#,8#,FALSE,FALSE,FALSE,#,#,#,#,#,FALSE,FALSE,0,u9?0,0
#kill_assault,0,100,100,0,0,FALSE,0,FALSE,&#coop_score/kill_assault,#,8#,FALSE,TRUE,TRUE,#,#,#,#,#,FALSE,FALSE,0,u9?0,0
#melee_kill_assault,0,100,100,0,0,FALSE,0,FALSE,&#coop_score/melee_kill_assault,#,8#,FALSE,FALSE,FALSE,#,#,#,#,#,FALSE,FALSE,0,u9?0,0
#assist_assault_75,0,75,75,0,0,FALSE,0,FALSE,&#coop_score/kill_assist_assault,#,8#,FALSE,TRUE,TRUE,#,#,#,#,#,FALSE,FALSE,0,u9?0,0
#assist_assault_50,0,50,50,0,0,FALSE,0,FALSE,&#coop_score/kill_assist_assault,#,8#,FALSE,TRUE,TRUE,#,#,#,#,#,FALSE,FALSE,0,u9?0,0
#assist_assault_25,0,25,25,0,0,FALSE,0,FALSE,&#coop_score/kill_assist_assault,#,8#,FALSE,TRUE,TRUE,#,#,#,#,#,FALSE,FALSE,0,u9?0,0
#kill_cqb,0,100,100,0,0,FALSE,0,FALSE,&#coop_score/kill_cqb,#,8#,FALSE,TRUE,TRUE,#,#,#,#,#,FALSE,FALSE,0,u9?0,0
#melee_kill_cqb,0,100,100,0,0,FALSE,0,FALSE,&#coop_score/melee_kill_cqb,#,8#,FALSE,FALSE,FALSE,#,#,#,#,#,FALSE,FALSE,0,u9?0,0
#assist_cqb_75,0,75,75,0,0,FALSE,0,FALSE,&#coop_score/kill_assist_cqb,#,8#,FALSE,TRUE,TRUE,#,#,#,#,#,FALSE,FALSE,0,u9?0,0
#assist_cqb_50,0,50,50,0,0,FALSE,0,FALSE,&#coop_score/kill_assist_cqb,#,8#,FALSE,TRUE,TRUE,#,#,#,#,#,FALSE,FALSE,0,u9?0,0
#assist_cqb_25,0,25,25,0,0,FALSE,0,FALSE,&#coop_score/kill_assist_cqb,#,8#,FALSE,TRUE,TRUE,#,#,#,#,#,FALSE,FALSE,0,u9?0,0
#kill_suppressor,0,100,100,0,0,FALSE,0,FALSE,&#coop_score/kill_suppressor,#,8#,FALSE,TRUE,TRUE,#,#,#,#,#,FALSE,FALSE,0,u9?0,0
#melee_kill_suppressor,0,100,100,0,0,FALSE,0,FALSE,&#coop_score/melee_kill_suppressor,#,8#,FALSE,FALSE,FALSE,#,#,#,#,#,FALSE,FALSE,0,u9?0,0
#assist_suppressor_75,0,75,75,0,0,FALSE,0,FALSE,&#coop_score/kill_assist_suppressor,#,8#,FALSE,TRUE,TRUE,#,#,#,#,#,FALSE,FALSE,0,u9?0,0
#assist_suppressor_50,0,50,50,0,0,FALSE,0,FALSE,&#coop_score/kill_assist_suppressor,#,8#,FALSE,TRUE,TRUE,#,#,#,#,#,FALSE,FALSE,0,u9?0,0
#assist_suppressor_25,0,25,25,0,0,FALSE,0,FALSE,&#coop_score/kill_assist_suppressor,#,8#,FALSE,TRUE,TRUE,#,#,#,#,#,FALSE,FALSE,0,u9?0,0
#kill_sniper,0,100,100,0,0,FALSE,0,FALSE,&#coop_score/kill_sniper,#,8#,FALSE,TRUE,TRUE,#,#,#,#,#,FALSE,FALSE,0,u9?0,0
#melee_kill_sniper,0,100,100,0,0,FALSE,0,FALSE,&#coop_score/melee_kill_sniper,#,8#,FALSE,FALSE,FALSE,#,#,#,#,#,FALSE,FALSE,0,u9?0,0
#assist_sniper_75,0,75,75,0,0,FALSE,0,FALSE,&#coop_score/kill_assist_sniper,#,8#,FALSE,TRUE,TRUE,#,#,#,#,#,FALSE,FALSE,0,u9?0,0
#assist_sniper_50,0,50,50,0,0,FALSE,0,FALSE,&#coop_score/kill_assist_sniper,#,8#,FALSE,TRUE,TRUE,#,#,#,#,#,FALSE,FALSE,0,u9?0,0
#assist_sniper_25,0,25,25,0,0,FALSE,0,FALSE,&#coop_score/kill_assist_sniper,#,8#,FALSE,TRUE,TRUE,#,#,#,#,#,FALSE,FALSE,0,u9?0,0
#kill_rocketeer,0,100,100,0,0,FALSE,0,FALSE,&#coop_score/kill_rocketeer,#,8#,FALSE,TRUE,TRUE,#,#,#,#,#,FALSE,FALSE,0,u9?0,0
#melee_kill_rocketeer,0,100,100,0,0,FALSE,0,FALSE,&#coop_score/melee_kill_rocketeer,#,8#,FALSE,FALSE,FALSE,#,#,#,#,#,FALSE,FALSE,0,u9?0,0
#assist_rocketeer_75,0,75,75,0,0,FALSE,0,FALSE,&#coop_score/kill_assist_rocketeer,#,8#,FALSE,TRUE,TRUE,#,#,#,#,#,FALSE,FALSE,0,u9?0,0
#assist_rocketeer_50,0,50,50,0,0,FALSE,0,FALSE,&#coop_score/kill_assist_rocketeer,#,8#,FALSE,TRUE,TRUE,#,#,#,#,#,FALSE,FALSE,0,u9?0,0
#assist_rocketeer_25,0,25,25,0,0,FALSE,0,FALSE,&#coop_score/kill_assist_rocketeer,#,8#,FALSE,TRUE,TRUE,#,#,#,#,#,FALSE,FALSE,0,u9?0,0
#kill_robotsapper,0,50,50,0,0,FALSE,0,FALSE,&#coop_score/kill_robotsapper,#,8#,FALSE,TRUE,TRUE,#,#,#,#,#,FALSE,FALSE,0,u9?0,0
#melee_kill_robotsapper,0,50,50,0,0,FALSE,0,FALSE,&#coop_score/melee_kill_robotsapper,#,8#,FALSE,FALSE,FALSE,#,#,#,#,#,FALSE,FALSE,0,u9?0,0
#assist_robotsapper_75,0,50,50,0,0,FALSE,0,FALSE,&#coop_score/kill_assist_robotsapper,#,8#,FALSE,TRUE,TRUE,#,#,#,#,#,FALSE,FALSE,0,u9?0,0
#assist_robotsapper_50,0,25,25,0,0,FALSE,0,FALSE,&#coop_score/kill_assist_robotsapper,#,8#,FALSE,TRUE,TRUE,#,#,#,#,#,FALSE,FALSE,0,u9?0,0
#assist_robotsapper_25,0,25,25,0,0,FALSE,0,FALSE,&#coop_score/kill_assist_robotsapper,#,8#,FALSE,TRUE,TRUE,#,#,#,#,#,FALSE,FALSE,0,u9?0,0
#kill_robotdemo,0,100,100,0,0,FALSE,0,FALSE,&#coop_score/kill_robotdemo,#,8#,FALSE,TRUE,TRUE,#,#,#,#,#,FALSE,FALSE,0,u9?0,0
#melee_kill_robotdemo,0,100,100,0,0,FALSE,0,FALSE,&#coop_score/melee_kill_robotdemo,#,8#,FALSE,FALSE,FALSE,#,#,#,#,#,FALSE,FALSE,0,u9?0,0
#assist_robotdemo_75,0,75,75,0,0,FALSE,0,FALSE,&#coop_score/kill_assist_robotdemo,#,8#,FALSE,TRUE,TRUE,#,#,#,#,#,FALSE,FALSE,0,u9?0,0
#assist_robotdemo_50,0,50,50,0,0,FALSE,0,FALSE,&#coop_score/kill_assist_robotdemo,#,8#,FALSE,TRUE,TRUE,#,#,#,#,#,FALSE,FALSE,0,u9?0,0
#assist_robotdemo_25,0,25,25,0,0,FALSE,0,FALSE,&#coop_score/kill_assist_robotdemo,#,8#,FALSE,TRUE,TRUE,#,#,#,#,#,FALSE,FALSE,0,u9?0,0
#kill_robotsoldier,0,150,150,0,0,FALSE,0,FALSE,&#coop_score/kill_robotsoldier,#,8#,FALSE,TRUE,TRUE,#,#,#,#,#,FALSE,FALSE,0,u9?0,0
#melee_kill_robotsoldier,0,150,150,0,0,FALSE,0,FALSE,&#coop_score/melee_kill_robotsoldier,#,8#,FALSE,FALSE,FALSE,#,#,#,#,#,FALSE,FALSE,0,u9?0,0
#assist_robotsoldier_75,0,100,100,0,0,FALSE,0,FALSE,&#coop_score/kill_assist_robotsoldier,#,8#,FALSE,TRUE,TRUE,#,#,#,#,#,FALSE,FALSE,0,u9?0,0
#assist_robotsoldier_50,0,75,75,0,0,FALSE,0,FALSE,&#coop_score/kill_assist_robotsoldier,#,8#,FALSE,TRUE,TRUE,#,#,#,#,#,FALSE,FALSE,0,u9?0,0
#assist_robotsoldier_25,0,50,50,0,0,FALSE,0,FALSE,&#coop_score/kill_assist_robotsoldier,#,8#,FALSE,TRUE,TRUE,#,#,#,#,#,FALSE,FALSE,0,u9?0,0
#kill_robotsniper,0,150,150,0,0,FALSE,0,FALSE,&#coop_score/kill_robotsniper,#,8#,FALSE,TRUE,TRUE,#,#,#,#,#,FALSE,FALSE,0,u9?0,0
#melee_kill_robotsniper,0,150,150,0,0,FALSE,0,FALSE,&#coop_score/melee_kill_robotsniper,#,8#,FALSE,FALSE,FALSE,#,#,#,#,#,FALSE,FALSE,0,u9?0,0
#assist_robotsniper_75,0,100,100,0,0,FALSE,0,FALSE,&#coop_score/kill_assist_robotsniper,#,8#,FALSE,TRUE,TRUE,#,#,#,#,#,FALSE,FALSE,0,u9?0,0
#assist_robotsniper_50,0,75,75,0,0,FALSE,0,FALSE,&#coop_score/kill_assist_robotsniper,#,8#,FALSE,TRUE,TRUE,#,#,#,#,#,FALSE,FALSE,0,u9?0,0
#assist_robotsniper_25,0,50,50,0,0,FALSE,0,FALSE,&#coop_score/kill_assist_robotsniper,#,8#,FALSE,TRUE,TRUE,#,#,#,#,#,FALSE,FALSE,0,u9?0,0
#kill_robotcqb,0,150,150,0,0,FALSE,0,FALSE,&#coop_score/kill_robotcqb,#,8#,FALSE,TRUE,TRUE,#,#,#,#,#,FALSE,FALSE,0,u9?0,0
#melee_kill_robotcqb,0,150,150,0,0,FALSE,0,FALSE,&#coop_score/melee_kill_robotcqb,#,8#,FALSE,FALSE,FALSE,#,#,#,#,#,FALSE,FALSE,0,u9?0,0
#assist_robotcqb_75,0,100,100,0,0,FALSE,0,FALSE,&#coop_score/kill_assist_robotcqb,#,8#,FALSE,TRUE,TRUE,#,#,#,#,#,FALSE,FALSE,0,u9?0,0
#assist_robotcqb_50,0,75,75,0,0,FALSE,0,FALSE,&#coop_score/kill_assist_robotcqb,#,8#,FALSE,TRUE,TRUE,#,#,#,#,#,FALSE,FALSE,0,u9?0,0
#assist_robotcqb_25,0,50,50,0,0,FALSE,0,FALSE,&#coop_score/kill_assist_robotcqb,#,8#,FALSE,TRUE,TRUE,#,#,#,#,#,FALSE,FALSE,0,u9?0,0
#kill_robotsuppressor,0,150,150,0,0,FALSE,0,FALSE,&#coop_score/kill_robotsuppressor,#,8#,FALSE,TRUE,TRUE,#,#,#,#,#,FALSE,FALSE,0,u9?0,0
#melee_kill_robotsuppressor,0,150,150,0,0,FALSE,0,FALSE,&#coop_score/melee_kill_robotsuppressor,#,8#,FALSE,FALSE,FALSE,#,#,#,#,#,FALSE,FALSE,0,u9?0,0
#assist_robotsuppressor_75,0,100,100,0,0,FALSE,0,FALSE,&#coop_score/kill_assist_robotsuppressor,#,8#,FALSE,TRUE,TRUE,#,#,#,#,#,FALSE,FALSE,0,u9?0,0
#assist_robotsuppressor_50,0,75,75,0,0,FALSE,0,FALSE,&#coop_score/kill_assist_robotsuppressor,#,8#,FALSE,TRUE,TRUE,#,#,#,#,#,FALSE,FALSE,0,u9?0,0
#assist_robotsuppressor_25,0,50,50,0,0,FALSE,0,FALSE,&#coop_score/kill_assist_robotsuppressor,#,8#,FALSE,TRUE,TRUE,#,#,#,#,#,FALSE,FALSE,0,u9?0,0
#kill_prologue_robot,0,25,25,0,0,FALSE,0,FALSE,&#coop_score/kill_robotsuppressor,#,8#,FALSE,TRUE,TRUE,#,#,#,#,#,FALSE,FALSE,0,u9?0,0
#melee_kill_prologue_robot,0,25,25,0,0,FALSE,0,FALSE,&#coop_score/melee_kill_robotsuppressor,#,8#,FALSE,FALSE,FALSE,#,#,#,#,#,FALSE,FALSE,0,u9?0,0
#assist_prologue_robot_75,0,10,10,0,0,FALSE,0,FALSE,&#coop_score/kill_assist_robotsuppressor,#,8#,FALSE,TRUE,TRUE,#,#,#,#,#,FALSE,FALSE,0,u9?0,0
#assist_prologue_robot_50,0,10,10,0,0,FALSE,0,FALSE,&#coop_score/kill_assist_robotsuppressor,#,8#,FALSE,TRUE,TRUE,#,#,#,#,#,FALSE,FALSE,0,u9?0,0
#assist_prologue_robot_25,0,10,10,0,0,FALSE,0,FALSE,&#coop_score/kill_assist_robotsuppressor,#,8#,FALSE,TRUE,TRUE,#,#,#,#,#,FALSE,FALSE,0,u9?0,0
#kill_siegebot,0,500,500,0,0,FALSE,0,FALSE,&#coop_score/kill_siegebot,#,8#,FALSE,TRUE,TRUE,#,#,#,#,#,FALSE,FALSE,0,u9?0,0
#melee_kill_siegebot,0,500,500,0,0,FALSE,0,FALSE,&#coop_score/melee_kill_siegebot,#,8#,FALSE,FALSE,FALSE,#,#,#,#,#,FALSE,FALSE,0,u9?0,0
#assist_siegebot_75,0,375,375,0,0,FALSE,0,FALSE,&#coop_score/kill_assist_siegebot,#,8#,FALSE,TRUE,TRUE,#,#,#,#,#,FALSE,FALSE,0,u9?0,0
#assist_siegebot_50,0,250,250,0,0,FALSE,0,FALSE,&#coop_score/kill_assist_siegebot,#,8#,FALSE,TRUE,TRUE,#,#,#,#,#,FALSE,FALSE,0,u9?0,0
#assist_siegebot_25,0,125,125,0,0,FALSE,0,FALSE,&#coop_score/kill_assist_siegebot,#,8#,FALSE,TRUE,TRUE,#,#,#,#,#,FALSE,FALSE,0,u9?0,0
#kill_robotrocketeer,0,150,150,0,0,FALSE,0,FALSE,&#coop_score/kill_robotrocketeer,#,8#,FALSE,TRUE,TRUE,#,#,#,#,#,FALSE,FALSE,0,u9?0,0
#melee_kill_robotrocketeer,0,150,150,0,0,FALSE,0,FALSE,&#coop_score/melee_kill_robotrocketeer,#,8#,FALSE,FALSE,FALSE,#,#,#,#,#,FALSE,FALSE,0,u9?0,0
#assist_robotrocketeer_75,0,100,100,0,0,FALSE,0,FALSE,&#coop_score/kill_assist_robotrocketeer,#,8#,FALSE,TRUE,TRUE,#,#,#,#,#,FALSE,FALSE,0,u9?0,0
#assist_robotrocketeer_50,0,75,75,0,0,FALSE,0,FALSE,&#coop_score/kill_assist_robotrocketeer,#,8#,FALSE,TRUE,TRUE,#,#,#,#,#,FALSE,FALSE,0,u9?0,0
#assist_robotrocketeer_25,0,50,50,0,0,FALSE,0,FALSE,&#coop_score/kill_assist_robotrocketeer,#,8#,FALSE,TRUE,TRUE,#,#,#,#,#,FALSE,FALSE,0,u9?0,0
#kill_wasp,0,20,20,0,0,FALSE,0,FALSE,&#coop_score/kill_wasp,#,8#,FALSE,TRUE,TRUE,#,#,#,#,#,FALSE,FALSE,0,u9?0,0
#melee_kill_wasp,0,100,100,0,0,FALSE,0,FALSE,&#coop_score/melee_kill_wasp,#,8#,FALSE,FALSE,FALSE,#,#,#,#,#,FALSE,FALSE,0,u9?0,0
#assist_wasp_75,0,15,15,0,0,FALSE,0,FALSE,&#coop_score/kill_assist_wasp,#,8#,FALSE,TRUE,TRUE,#,#,#,#,#,FALSE,FALSE,0,u9?0,0
#assist_wasp_50,0,10,10,0,0,FALSE,0,FALSE,&#coop_score/kill_assist_wasp,#,8#,FALSE,TRUE,TRUE,#,#,#,#,#,FALSE,FALSE,0,u9?0,0
#assist_wasp_25,0,5,5,0,0,FALSE,0,FALSE,&#coop_score/kill_assist_wasp,#,8#,FALSE,TRUE,TRUE,#,#,#,#,#,FALSE,FALSE,0,u9?0,0
#kill_raps,0,20,20,0,0,FALSE,0,FALSE,&#coop_score/kill_raps,#,8#,FALSE,TRUE,TRUE,#,#,#,#,#,FALSE,FALSE,0,u9?0,0
#melee_kill_raps,0,100,100,0,0,FALSE,0,FALSE,&#coop_score/melee_kill_raps,#,8#,FALSE,FALSE,FALSE,#,#,#,#,#,FALSE,FALSE,0,u9?0,0
#assist_raps_75,0,15,15,0,0,FALSE,0,FALSE,&#coop_score/kill_assist_raps,#,8#,FALSE,TRUE,TRUE,#,#,#,#,#,FALSE,FALSE,0,u9?0,0
#assist_raps_50,0,10,10,0,0,FALSE,0,FALSE,&#coop_score/kill_assist_raps,#,8#,FALSE,TRUE,TRUE,#,#,#,#,#,FALSE,FALSE,0,u9?0,0
#assist_raps_25,0,5,5,0,0,FALSE,0,FALSE,&#coop_score/kill_assist_raps,#,8#,FALSE,TRUE,TRUE,#,#,#,#,#,FALSE,FALSE,0,u9?0,0
#kill_warlord,0,500,500,0,0,FALSE,0,FALSE,&#coop_score/kill_warlord,#,8#,FALSE,TRUE,TRUE,#,#,#,#,#,FALSE,FALSE,0,u9?0,0
#melee_kill_warlord,0,500,500,0,0,FALSE,0,FALSE,&#coop_score/melee_kill_warlord,#,8#,FALSE,FALSE,FALSE,#,#,#,#,#,FALSE,FALSE,0,u9?0,0
#assist_warlord_75,0,375,375,0,0,FALSE,0,FALSE,&#coop_score/kill_assist_warlord,#,8#,FALSE,TRUE,TRUE,#,#,#,#,#,FALSE,FALSE,0,u9?0,0
#assist_warlord_50,0,250,250,0,0,FALSE,0,FALSE,&#coop_score/kill_assist_warlord,#,8#,FALSE,TRUE,TRUE,#,#,#,#,#,FALSE,FALSE,0,u9?0,0
#assist_warlord_25,0,125,125,0,0,FALSE,0,FALSE,&#coop_score/kill_assist_warlord,#,8#,FALSE,TRUE,TRUE,#,#,#,#,#,FALSE,FALSE,0,u9?0,0
#kill_hunter,0,2000,2000,0,0,FALSE,0,FALSE,&#coop_score/kill_hunter,#,8#,FALSE,TRUE,TRUE,#,#,#,#,#,FALSE,FALSE,0,u9?0,0
#melee_kill_hunter,0,2000,2000,0,0,FALSE,0,FALSE,&#coop_score/melee_kill_hunter,#,8#,FALSE,FALSE,FALSE,#,#,#,#,#,FALSE,FALSE,0,u9?0,0
#assist_hunter_75,0,1500,1500,0,0,FALSE,0,FALSE,&#coop_score/kill_assist_hunter,#,8#,FALSE,TRUE,TRUE,#,#,#,#,#,FALSE,FALSE,0,u9?0,0
#assist_hunter_50,0,1000,1000,0,0,FALSE,0,FALSE,&#coop_score/kill_assist_hunter,#,8#,FALSE,TRUE,TRUE,#,#,#,#,#,FALSE,FALSE,0,u9?0,0
#assist_hunter_25,0,500,500,0,0,FALSE,0,FALSE,&#coop_score/kill_assist_hunter,#,8#,FALSE,TRUE,TRUE,#,#,#,#,#,FALSE,FALSE,0,u9?0,0
#kill_quadtank,0,2000,2000,0,0,FALSE,0,FALSE,&#coop_score/kill_quadtank,#,8#,FALSE,TRUE,TRUE,#,#,#,#,#,FALSE,FALSE,0,u9?0,0
#melee_kill_quadtank,0,2000,2000,0,0,FALSE,0,FALSE,&#coop_score/melee_kill_quadtank,#,8#,FALSE,FALSE,FALSE,#,#,#,#,#,FALSE,FALSE,0,u9?0,0
#assist_quadtank_75,0,1500,1500,0,0,FALSE,0,FALSE,&#coop_score/kill_assist_quadtank,#,8#,FALSE,TRUE,TRUE,#,#,#,#,#,FALSE,FALSE,0,u9?0,0
#assist_quadtank_50,0,1000,1000,0,0,FALSE,0,FALSE,&#coop_score/kill_assist_quadtank,#,8#,FALSE,TRUE,TRUE,#,#,#,#,#,FALSE,FALSE,0,u9?0,0
#assist_quadtank_25,0,500,500,0,0,FALSE,0,FALSE,&#coop_score/kill_assist_quadtank,#,8#,FALSE,TRUE,TRUE,#,#,#,#,#,FALSE,FALSE,0,u9?0,0
#kill_aqu_quadtank,0,200,200,0,0,FALSE,0,FALSE,&#coop_score/kill_quadtank,#,8#,FALSE,TRUE,TRUE,#,#,#,#,#,FALSE,FALSE,0,u9?0,0
#melee_kill_aqu_quadtank,0,200,200,0,0,FALSE,0,FALSE,&#coop_score/melee_kill_quadtank,#,8#,FALSE,FALSE,FALSE,#,#,#,#,#,FALSE,FALSE,0,u9?0,0
#assist_aqu_quadtank_75,0,150,150,0,0,FALSE,0,FALSE,&#coop_score/kill_assist_quadtank,#,8#,FALSE,TRUE,TRUE,#,#,#,#,#,FALSE,FALSE,0,u9?0,0
#assist_aqu_quadtank_50,0,100,100,0,0,FALSE,0,FALSE,&#coop_score/kill_assist_quadtank,#,8#,FALSE,TRUE,TRUE,#,#,#,#,#,FALSE,FALSE,0,u9?0,0
#assist_aqu_quadtank_25,0,50,50,0,0,FALSE,0,FALSE,&#coop_score/kill_assist_quadtank,#,8#,FALSE,TRUE,TRUE,#,#,#,#,#,FALSE,FALSE,0,u9?0,0
#kill_amws,0,100,100,0,0,FALSE,0,FALSE,&#coop_score/kill_amws,#,8#,FALSE,TRUE,TRUE,#,#,#,#,#,FALSE,FALSE,0,u9?0,0
#melee_kill_amws,0,100,100,0,0,FALSE,0,FALSE,&#coop_score/melee_kill_amws,#,8#,FALSE,FALSE,FALSE,#,#,#,#,#,FALSE,FALSE,0,u9?0,0
#assist_amws_75,0,75,75,0,0,FALSE,0,FALSE,&#coop_score/kill_assist_amws,#,8#,FALSE,TRUE,TRUE,#,#,#,#,#,FALSE,FALSE,0,u9?0,0
#assist_amws_50,0,50,50,0,0,FALSE,0,FALSE,&#coop_score/kill_assist_amws,#,8#,FALSE,TRUE,TRUE,#,#,#,#,#,FALSE,FALSE,0,u9?0,0
#assist_amws_25,0,25,25,0,0,FALSE,0,FALSE,&#coop_score/kill_assist_amws,#,8#,FALSE,TRUE,TRUE,#,#,#,#,#,FALSE,FALSE,0,u9?0,0
#kill_pamws,0,250,250,0,0,FALSE,0,FALSE,&#coop_score/kill_pamws,#,8#,FALSE,TRUE,TRUE,#,#,#,#,#,FALSE,FALSE,0,u9?0,0
#melee_kill_pamws,0,250,250,0,0,FALSE,0,FALSE,&#coop_score/melee_kill_pamws,#,8#,FALSE,FALSE,FALSE,#,#,#,#,#,FALSE,FALSE,0,u9?0,0
#assist_pamws_75,0,175,175,0,0,FALSE,0,FALSE,&#coop_score/kill_assist_pamws,#,8#,FALSE,TRUE,TRUE,#,#,#,#,#,FALSE,FALSE,0,u9?0,0
#assist_pamws_50,0,125,125,0,0,FALSE,0,FALSE,&#coop_score/kill_assist_pamws,#,8#,FALSE,TRUE,TRUE,#,#,#,#,#,FALSE,FALSE,0,u9?0,0
#assist_pamws_25,0,75,75,0,0,FALSE,0,FALSE,&#coop_score/kill_assist_pamws,#,8#,FALSE,TRUE,TRUE,#,#,#,#,#,FALSE,FALSE,0,u9?0,0
#kill_turret,0,150,150,0,0,FALSE,0,FALSE,&#coop_score/kill_turret,#,8#,FALSE,TRUE,TRUE,#,#,#,#,#,FALSE,FALSE,0,u9?0,0
#melee_kill_turret,0,150,150,0,0,FALSE,0,FALSE,&#coop_score/melee_kill_turret,#,8#,FALSE,FALSE,FALSE,#,#,#,#,#,FALSE,FALSE,0,u9?0,0
#assist_turret_75,0,100,100,0,0,FALSE,0,FALSE,&#coop_score/kill_assist_turret,#,8#,FALSE,TRUE,TRUE,#,#,#,#,#,FALSE,FALSE,0,u9?0,0
#assist_turret_50,0,75,75,0,0,FALSE,0,FALSE,&#coop_score/kill_assist_turret,#,8#,FALSE,TRUE,TRUE,#,#,#,#,#,FALSE,FALSE,0,u9?0,0
#assist_turret_25,0,25,25,0,0,FALSE,0,FALSE,&#coop_score/kill_assist_turret,#,8#,FALSE,TRUE,TRUE,#,#,#,#,#,FALSE,FALSE,0,u9?0,0
#kill_direwolf,0,100,100,0,0,FALSE,0,FALSE,&#coop_score/kill_assault,#,8#,FALSE,TRUE,TRUE,#,#,#,#,#,FALSE,FALSE,0,u9?0,0
#melee_kill_direwolf,0,100,100,0,0,FALSE,0,FALSE,&#coop_score/melee_kill_assault,#,8#,FALSE,FALSE,FALSE,#,#,#,#,#,FALSE,FALSE,0,u9?0,0
#assist_direwolf_75,0,75,75,0,0,FALSE,0,FALSE,&#coop_score/kill_assist_assault,#,8#,FALSE,TRUE,TRUE,#,#,#,#,#,FALSE,FALSE,0,u9?0,0
#assist_direwolf_50,0,50,50,0,0,FALSE,0,FALSE,&#coop_score/kill_assist_assault,#,8#,FALSE,TRUE,TRUE,#,#,#,#,#,FALSE,FALSE,0,u9?0,0
#assist_direwolf_25,0,25,25,0,0,FALSE,0,FALSE,&#coop_score/kill_assist_assault,#,8#,FALSE,TRUE,TRUE,#,#,#,#,#,FALSE,FALSE,0,u9?0,0
#player_did_revived,0,100,100,0,0,FALSE,0,FALSE,&#coop_score/player_did_revive,#,8#,FALSE,TRUE,TRUE,#,#,#,#,#,FALSE,FALSE,0,u9?0,0
#death,0,0,0,0,0,FALSE,0,FALSE,&#,#,8#,FALSE,FALSE,FALSE,#,#,#,#,#,FALSE,FALSE,0,u9?0,0
#suicide,0,0,0,0,0,FALSE,0,FALSE,&#,#,8#,FALSE,FALSE,FALSE,#,#,#,#,#,FALSE,FALSE,0,u9?0,0
#multikill_2,0,100,0,0,0,FALSE,0,FALSE,&#,#,8#,FALSE,TRUE,FALSE,#,#,#,#,#,FALSE,FALSE,0,u9?0,0
#multikill_3,0,0,0,0,0,FALSE,0,FALSE,&#,#,8#,FALSE,TRUE,FALSE,#,#,#,#,#,FALSE,FALSE,0,u9?0,0
#multikill_4,0,0,0,0,0,FALSE,0,FALSE,&#,#,8#,FALSE,TRUE,FALSE,#,#,#,#,#,FALSE,FALSE,0,u9?0,0
#multikill_5,0,0,0,0,0,FALSE,0,FALSE,&#,#,8#,FALSE,TRUE,FALSE,#,#,#,#,#,FALSE,FALSE,0,u9?0,0
#multikill_6,0,0,0,0,0,FALSE,0,FALSE,&#,#,8#,FALSE,TRUE,FALSE,#,#,#,#,#,FALSE,FALSE,0,u9?0,0
#multikill_7,0,0,0,0,0,FALSE,0,FALSE,&#,#,8#,FALSE,TRUE,FALSE,#,#,#,#,#,FALSE,FALSE,0,u9?0,0
#multikill_8,0,0,0,0,0,FALSE,0,FALSE,&#,#,8#,FALSE,TRUE,FALSE,#,#,#,#,#,FALSE,FALSE,0,u9?0,0
#multikill_more_than_8,0,0,0,0,0,FALSE,0,FALSE,&#,#,8#,FALSE,TRUE,FALSE,#,#,#,#,#,FALSE,FALSE,0,u9?0,0
#debug_give_score,0,0,0,0,0,FALSE,0,FALSE,&#coop_score/sm_boss_defeated,#,8#,FALSE,TRUE,FALSE,#,#,#,#,#,FALSE,FALSE,0,u9?0,0
#scavenger_streak,0,0,0,0,0,FALSE,0,FALSE,&#,#,8#,FALSE,TRUE,FALSE,#,#,#,#,#,FALSE,FALSE,0,u9?0,0
#scavenger_pickup,0,0,0,0,0,FALSE,0,FALSE,&#coop_score/sm_scavenger,#,8#,FALSE,TRUE,FALSE,#,#,#,#,#,FALSE,FALSE,0,u9?0,0
#scavenger_assist,0,0,0,0,0,FALSE,0,FALSE,&#coop_score/sm_scavenger_assist,#,8#,FALSE,TRUE,FALSE,#,#,#,#,#,FALSE,FALSE,0,u9?0,0
#completed_match,0,100,100,0,0,FALSE,0,FALSE,&#,#,8#,FALSE,TRUE,FALSE,#,#,#,#,#,FALSE,FALSE,0,u9?0,0
#kill_tiger_tank,0,2000,2000,0,0,FALSE,0,FALSE,&#coop_score/kill_tiger_tank,#,8#,FALSE,TRUE,TRUE,#,#,#,#,#,FALSE,FALSE,0,u9?0,0
#melee_kill_tiger_tank,0,2000,2000,0,0,FALSE,0,FALSE,&#coop_score/melee_kill_tiger_tank,#,8#,FALSE,FALSE,FALSE,#,#,#,#,#,FALSE,FALSE,0,u9?0,0
#assist_tiger_tank_75,0,1500,1500,0,0,FALSE,0,FALSE,&#coop_score/kill_assist_tiger_tank,#,8#,FALSE,TRUE,TRUE,#,#,#,#,#,FALSE,FALSE,0,u9?0,0
#assist_tiger_tank_50,0,1000,1000,0,0,FALSE,0,FALSE,&#coop_score/kill_assist_tiger_tank,#,8#,FALSE,TRUE,TRUE,#,#,#,#,#,FALSE,FALSE,0,u9?0,0
#assist_tiger_tank_25,0,500,500,0,0,FALSE,0,FALSE,&#coop_score/kill_assist_tiger_tank,#,8#,FALSE,TRUE,TRUE,#,#,#,#,#,FALSE,FALSE,0,u9?0,0
#kill_zombie,0,100,100,0,0,FALSE,0,FALSE,&#coop_score/kill_zombie,#,8#,FALSE,TRUE,TRUE,#,#,#,#,#,FALSE,FALSE,0,u9?0,0
#melee_kill_zombie,0,100,100,0,0,FALSE,0,FALSE,&#coop_score/melee_kill_zombie,#,8#,FALSE,FALSE,FALSE,#,#,#,#,#,FALSE,FALSE,0,u9?0,0
#assist_zombie_75,0,75,75,0,0,FALSE,0,FALSE,&#coop_score/kill_assist_zombie,#,8#,FALSE,TRUE,TRUE,#,#,#,#,#,FALSE,FALSE,0,u9?0,0
#assist_zombie_50,0,50,50,0,0,FALSE,0,FALSE,&#coop_score/kill_assist_zombie,#,8#,FALSE,TRUE,TRUE,#,#,#,#,#,FALSE,FALSE,0,u9?0,0
#assist_zombie_25,0,25,25,0,0,FALSE,0,FALSE,&#coop_score/kill_assist_zombie,#,8#,FALSE,TRUE,TRUE,#,#,#,#,#,FALSE,FALSE,0,u9?0,0
#kill_lotus_gunship,0,2000,2000,0,0,FALSE,0,FALSE,&#coop_score/kill_lotus_gunship,#,8#,FALSE,TRUE,TRUE,#,#,#,#,#,FALSE,FALSE,0,u9?0,0
#melee_kill_lotus_gunship,0,2000,2000,0,0,FALSE,0,FALSE,&#coop_score/melee_kill_lotus_gunship,#,8#,FALSE,FALSE,FALSE,#,#,#,#,#,FALSE,FALSE,0,u9?0,0
#assist_lotus_gunship_75,0,1500,1500,0,0,FALSE,0,FALSE,&#coop_score/kill_assist_lotus_gunship,#,8#,FALSE,TRUE,TRUE,#,#,#,#,#,FALSE,FALSE,0,u9?0,0
#assist_lotus_gunship_50,0,1000,1000,0,0,FALSE,0,FALSE,&#coop_score/kill_assist_lotus_gunship,#,8#,FALSE,TRUE,TRUE,#,#,#,#,#,FALSE,FALSE,0,u9?0,0
#assist_lotus_gunship_25,0,500,500,0,0,FALSE,0,FALSE,&#coop_score/kill_assist_lotus_gunship,#,8#,FALSE,TRUE,TRUE,#,#,#,#,#,FALSE,FALSE,0,u9?0,0
#kill_depth_charge,0,100,100,0,0,FALSE,0,FALSE,&#coop_score/kill_depth_charge,#,8#,FALSE,TRUE,TRUE,#,#,#,#,#,FALSE,FALSE,0,u9?0,0
#melee_kill_depth_charge,0,100,100,0,0,FALSE,0,FALSE,&#coop_score/melee_kill_depth_charge,#,8#,FALSE,FALSE,FALSE,#,#,#,#,#,FALSE,FALSE,0,u9?0,0
#assist_depth_charge_75,0,75,75,0,0,FALSE,0,FALSE,&#coop_score/kill_assist_depth_charge,#,8#,FALSE,TRUE,TRUE,#,#,#,#,#,FALSE,FALSE,0,u9?0,0
#assist_depth_charge_50,0,50,50,0,0,FALSE,0,FALSE,&#coop_score/kill_assist_depth_charge,#,8#,FALSE,TRUE,TRUE,#,#,#,#,#,FALSE,FALSE,0,u9?0,0
#assist_depth_charge_25,0,25,25,0,0,FALSE,0,FALSE,&#coop_score/kill_assist_depth_charge,#,8#,FALSE,TRUE,TRUE,#,#,#,#,#,FALSE,FALSE,0,u9?0,0
#kill_goxiulan,0,500,500,0,0,FALSE,0,FALSE,&#coop_score/kill_goxiulan,#,8#,FALSE,TRUE,TRUE,#,#,#,#,#,FALSE,FALSE,0,u9?0,0
#melee_kill_goxiulan,0,500,500,0,0,FALSE,0,FALSE,&#coop_score/melee_kill_goxiulan,#,8#,FALSE,FALSE,FALSE,#,#,#,#,#,FALSE,FALSE,0,u9?0,0
#assist_goxiulan_75,0,375,375,0,0,FALSE,0,FALSE,&#coop_score/kill_assist_goxiulan,#,8#,FALSE,TRUE,TRUE,#,#,#,#,#,FALSE,FALSE,0,u9?0,0
#assist_goxiulan_50,0,250,250,0,0,FALSE,0,FALSE,&#coop_score/kill_assist_goxiulan,#,8#,FALSE,TRUE,TRUE,#,#,#,#,#,FALSE,FALSE,0,u9?0,0
#assist_goxiulan_25,0,125,125,0,0,FALSE,0,FALSE,&#coop_score/kill_assist_goxiulan,#,8#,FALSE,TRUE,TRUE,#,#,#,#,#,FALSE,FALSE,0,u9?0,0
#kill_gomin,0,500,500,0,0,FALSE,0,FALSE,&#coop_score/kill_gomin,#,8#,FALSE,TRUE,TRUE,#,#,#,#,#,FALSE,FALSE,0,u9?0,0
#melee_kill_gomin,0,500,500,0,0,FALSE,0,FALSE,&#coop_score/melee_kill_gomin,#,8#,FALSE,FALSE,FALSE,#,#,#,#,#,FALSE,FALSE,0,u9?0,0
#assist_gomin_75,0,375,375,0,0,FALSE,0,FALSE,&#coop_score/kill_assist_gomin,#,8#,FALSE,TRUE,TRUE,#,#,#,#,#,FALSE,FALSE,0,u9?0,0
#assist_gomin_50,0,250,250,0,0,FALSE,0,FALSE,&#coop_score/kill_assist_gomin,#,8#,FALSE,TRUE,TRUE,#,#,#,#,#,FALSE,FALSE,0,u9?0,0
#assist_gomin_25,0,125,125,0,0,FALSE,0,FALSE,&#coop_score/kill_assist_gomin,#,8#,FALSE,TRUE,TRUE,#,#,#,#,#,FALSE,FALSE,0,u9?0,0
#kill_dannyli,0,500,500,0,0,FALSE,0,FALSE,&#coop_score/kill_dannyli,#,8#,FALSE,TRUE,TRUE,#,#,#,#,#,FALSE,FALSE,0,u9?0,0
#melee_kill_dannyli,0,500,500,0,0,FALSE,0,FALSE,&#coop_score/melee_kill_dannyli,#,8#,FALSE,FALSE,FALSE,#,#,#,#,#,FALSE,FALSE,0,u9?0,0
#assist_dannyli_75,0,375,375,0,0,FALSE,0,FALSE,&#coop_score/kill_assist_dannyli,#,8#,FALSE,TRUE,TRUE,#,#,#,#,#,FALSE,FALSE,0,u9?0,0
#assist_dannyli_50,0,250,250,0,0,FALSE,0,FALSE,&#coop_score/kill_assist_dannyli,#,8#,FALSE,TRUE,TRUE,#,#,#,#,#,FALSE,FALSE,0,u9?0,0
#assist_dannyli_25,0,125,125,0,0,FALSE,0,FALSE,&#coop_score/kill_assist_dannyli,#,8#,FALSE,TRUE,TRUE,#,#,#,#,#,FALSE,FALSE,0,u9?0,0
#kill_parasite,0,20,20,0,0,FALSE,0,FALSE,&#coop_score/kill_parasite,#,8#,FALSE,TRUE,TRUE,#,#,#,#,#,FALSE,FALSE,0,u9?0,0
#melee_kill_parasite,0,100,100,0,0,FALSE,0,FALSE,&#coop_score/melee_kill_parasite,#,8#,FALSE,FALSE,FALSE,#,#,#,#,#,FALSE,FALSE,0,u9?0,0
#assist_parasite_75,0,15,15,0,0,FALSE,0,FALSE,&#coop_score/kill_assist_parasite,#,8#,FALSE,TRUE,TRUE,#,#,#,#,#,FALSE,FALSE,0,u9?0,0
#assist_parasite_50,0,10,10,0,0,FALSE,0,FALSE,&#coop_score/kill_assist_parasite,#,8#,FALSE,TRUE,TRUE,#,#,#,#,#,FALSE,FALSE,0,u9?0,0
#assist_parasite_25,0,5,5,0,0,FALSE,0,FALSE,&#coop_score/kill_assist_parasite,#,8#,FALSE,TRUE,TRUE,#,#,#,#,#,FALSE,FALSE,0,u9?0,0
#shield_blocked_damage,0,0,0,0,0,FALSE,0,FALSE,&#coop_score/shield_blocked_damage,#,8#,FALSE,FALSE,FALSE,#,#,#,#,#,FALSE,FALSE,0,u9?0,0
#shield_blocked_damage_reduced,0,0,0,0,0,FALSE,0,FALSE,&#coop_score/shield_blocked_damage_reduced,#,8#,FALSE,FALSE,FALSE,#,#,#,#,#,FALSE,FALSE,0,u9?0,0
#kill_technical,0,20,20,0,0,FALSE,0,FALSE,&#coop_score/kill_technical,#,8#,FALSE,TRUE,TRUE,#,#,#,#,#,FALSE,FALSE,0,u9?0,0
#melee_kill_technical,0,100,100,0,0,FALSE,0,FALSE,&#coop_score/melee_kill_technical,#,8#,FALSE,FALSE,FALSE,#,#,#,#,#,FALSE,FALSE,0,u9?0,0
#assist_technical_75,0,15,15,0,0,FALSE,0,FALSE,&#coop_score/kill_assist_technical,#,8#,FALSE,TRUE,TRUE,#,#,#,#,#,FALSE,FALSE,0,u9?0,0
#assist_technical_50,0,10,10,0,0,FALSE,0,FALSE,&#coop_score/kill_assist_technical,#,8#,FALSE,TRUE,TRUE,#,#,#,#,#,FALSE,FALSE,0,u9?0,0
#assist_technical_25,0,5,5,0,0,FALSE,0,FALSE,&#coop_score/kill_assist_technical,#,8#,FALSE,TRUE,TRUE,#,#,#,#,#,FALSE,FALSE,0,u9?0,0
#kill_theia,0,500,500,0,0,FALSE,0,FALSE,&#coop_score/kill_theia,#,8#,FALSE,TRUE,TRUE,#,#,#,#,#,FALSE,FALSE,0,u9?0,0
#melee_kill_theia,0,500,500,0,0,FALSE,0,FALSE,&#coop_score/melee_kill_theia,#,8#,FALSE,FALSE,FALSE,#,#,#,#,#,FALSE,FALSE,0,u9?0,0
#assist_theia_75,0,375,375,0,0,FALSE,0,FALSE,&#coop_score/kill_assist_theia,#,8#,FALSE,TRUE,TRUE,#,#,#,#,#,FALSE,FALSE,0,u9?0,0
#assist_theia_50,0,250,250,0,0,FALSE,0,FALSE,&#coop_score/kill_assist_theia,#,8#,FALSE,TRUE,TRUE,#,#,#,#,#,FALSE,FALSE,0,u9?0,0
#assist_theia_25,0,125,125,0,0,FALSE,0,FALSE,&#coop_score/kill_assist_theia,#,8#,FALSE,TRUE,TRUE,#,#,#,#,#,FALSE,FALSE,0,u9?0,0
#kill_vtol,0,2000,2000,0,0,FALSE,0,FALSE,&#coop_score/kill_vtol,#,8#,FALSE,TRUE,TRUE,#,#,#,#,#,FALSE,FALSE,0,u9?0,0
#melee_kill_vtol,0,2000,2000,0,0,FALSE,0,FALSE,&#coop_score/melee_kill_vtol,#,8#,FALSE,FALSE,FALSE,#,#,#,#,#,FALSE,FALSE,0,u9?0,0
#kill_prologue_vtol,0,150,150,0,0,FALSE,0,FALSE,&#coop_score/kill_vtol,#,8#,FALSE,TRUE,TRUE,#,#,#,#,#,FALSE,FALSE,0,u9?0,0
#melee_kill_prologue_vtol,0,150,150,0,0,FALSE,0,FALSE,&#coop_score/melee_kill_vtol,#,8#,FALSE,FALSE,FALSE,#,#,#,#,#,FALSE,FALSE,0,u9?0,0
#assist_prologue_vtol_75,0,100,100,0,0,FALSE,0,FALSE,&#coop_score/kill_assist_vtol,#,8#,FALSE,TRUE,TRUE,#,#,#,#,#,FALSE,FALSE,0,u9?0,0
#assist_prologue_vtol_50,0,75,75,0,0,FALSE,0,FALSE,&#coop_score/kill_assist_vtol,#,8#,FALSE,TRUE,TRUE,#,#,#,#,#,FALSE,FALSE,0,u9?0,0
#assist_prologue_vtol_25,0,25,25,0,0,FALSE,0,FALSE,&#coop_score/kill_assist_vtol,#,8#,FALSE,TRUE,TRUE,#,#,#,#,#,FALSE,FALSE,0,u9?0,0
#assist_vtol_75,0,1500,1500,0,0,FALSE,0,FALSE,&#coop_score/kill_assist_vtol,#,8#,FALSE,TRUE,TRUE,#,#,#,#,#,FALSE,FALSE,0,u9?0,0
#assist_vtol_50,0,1000,1000,0,0,FALSE,0,FALSE,&#coop_score/kill_assist_vtol,#,8#,FALSE,TRUE,TRUE,#,#,#,#,#,FALSE,FALSE,0,u9?0,0
#assist_vtol_25,0,500,500,0,0,FALSE,0,FALSE,&#coop_score/kill_assist_vtol,#,8#,FALSE,TRUE,TRUE,#,#,#,#,#,FALSE,FALSE,0,u9?0,0
#kill_aqu_vtol,0,200,200,0,0,FALSE,0,FALSE,&#coop_score/kill_vtol,#,8#,FALSE,TRUE,TRUE,#,#,#,#,#,FALSE,FALSE,0,u9?0,0
#melee_kill_aqu_vtol,0,200,200,0,0,FALSE,0,FALSE,&#coop_score/melee_kill_vtol,#,8#,FALSE,FALSE,FALSE,#,#,#,#,#,FALSE,FALSE,0,u9?0,0
#assist_aqu_vtol_75,0,150,150,0,0,FALSE,0,FALSE,&#coop_score/kill_assist_vtol,#,8#,FALSE,TRUE,TRUE,#,#,#,#,#,FALSE,FALSE,0,u9?0,0
#assist_aqu_vtol_50,0,100,100,0,0,FALSE,0,FALSE,&#coop_score/kill_assist_vtol,#,8#,FALSE,TRUE,TRUE,#,#,#,#,#,FALSE,FALSE,0,u9?0,0
#assist_aqu_vtol_25,0,50,50,0,0,FALSE,0,FALSE,&#coop_score/kill_assist_vtol,#,8#,FALSE,TRUE,TRUE,#,#,#,#,#,FALSE,FALSE,0,u9?0,0
#assist_concussion,0,25,25,0,0,FALSE,0,FALSE,&#coop_score/kill_assist_concussion,#,8#,FALSE,TRUE,FALSE,#,#,#,#,#,FALSE,FALSE,0,u9?0,0
#assist_flash,0,25,25,0,0,FALSE,0,FALSE,&#coop_score/kill_assist_flash,#,8#,FALSE,TRUE,FALSE,#,#,#,#,#,FALSE,FALSE,0,u9?0,0
#assist_emp,0,25,25,0,0,FALSE,0,FALSE,&#coop_score/kill_assist_emp,#,8#,FALSE,TRUE,FALSE,#,#,#,#,#,FALSE,FALSE,0,u9?0,0
#assist_proximity,0,25,25,0,0,FALSE,0,FALSE,&#coop_score/kill_assist_proximity,#,8#,FALSE,TRUE,FALSE,#,#,#,#,#,FALSE,FALSE,0,u9?0,0
#award_accolade,0,100,100,0,0,FALSE,0,FALSE,&#coop_score/award_accolade,#,8#,FALSE,TRUE,FALSE,#,#,#,#,#,FALSE,FALSE,0,u9?0,0
#award_calling_card,0,100,100,0,0,FALSE,0,FALSE,&#coop_score/award_calling_card,#,8#,FALSE,TRUE,FALSE,#,#,#,#,#,FALSE,FALSE,0,u9?0,0
#complete_mission_recruit,0,500,500,0,0,FALSE,0,FALSE,&#coop_score/complete_mission_recruit,#,8#,FALSE,TRUE,FALSE,#,#,#,#,#,FALSE,FALSE,0,u9?0,0
#complete_mission_regular,0,1000,1000,0,0,FALSE,0,FALSE,&#coop_score/complete_mission_regular,#,8#,FALSE,TRUE,FALSE,#,#,#,#,#,FALSE,FALSE,0,u9?0,0
#complete_mission_hardened,0,1500,1500,0,0,FALSE,0,FALSE,&#coop_score/complete_mission_hardened,#,8#,FALSE,TRUE,FALSE,#,#,#,#,#,FALSE,FALSE,0,u9?0,0
#complete_mission_veteran,0,2000,2000,0,0,FALSE,0,FALSE,&#coop_score/complete_mission_veteran,#,8#,FALSE,TRUE,FALSE,#,#,#,#,#,FALSE,FALSE,0,u9?0,0
#complete_mission_heroic,0,2500,2500,0,0,FALSE,0,FALSE,&#coop_score/complete_mission_heroic,#,8#,FALSE,TRUE,FALSE,#,#,#,#,#,FALSE,FALSE,0,u9?0,0
#kill_macv,0,100,100,0,0,FALSE,0,FALSE,&#coop_score/kill_macv,#,8#,FALSE,TRUE,TRUE,#,#,#,#,#,FALSE,FALSE,0,u9?0,0
#melee_kill_macv,0,100,100,0,0,FALSE,0,FALSE,&#coop_score/melee_kill_macv,#,8#,FALSE,FALSE,FALSE,#,#,#,#,#,FALSE,FALSE,0,u9?0,0
#assist_macv_75,0,15,15,0,0,FALSE,0,FALSE,&#coop_score/kill_assist_macv,#,8#,FALSE,TRUE,TRUE,#,#,#,#,#,FALSE,FALSE,0,u9?0,0
#assist_macv_50,0,10,10,0,0,FALSE,0,FALSE,&#coop_score/kill_assist_macv,#,8#,FALSE,TRUE,TRUE,#,#,#,#,#,FALSE,FALSE,0,u9?0,0
#assist_macv_25,0,5,5,0,0,FALSE,0,FALSE,&#coop_score/kill_assist_macv,#,8#,FALSE,TRUE,TRUE,#,#,#,#,#,FALSE,FALSE,0,u9?0,0
#accolade_infection_score,0,100,100,0,0,FALSE,0,FALSE,&#coop_score/accolade_infection_score,#,8#,FALSE,FALSE,FALSE,#,#,#,#,#,FALSE,FALSE,0,u9?0,0
#picked_up_collectible,0,500,500,0,0,FALSE,0,FALSE,&#coop_score/pickup_collectible,#,8#,FALSE,FALSE,FALSE,#,#,#,#,#,FALSE,FALSE,0,u9?0,0
#completed_training_sim_rating,0,500,500,0,0,FALSE,0,FALSE,&#,#,8#,FALSE,FALSE,FALSE,#,#,#,#,#,FALSE,FALSE,0,u9?0,0
#kill_meatball,0,0,0,0,0,FALSE,0,FALSE,&#,#,8#,FALSE,TRUE,TRUE,#,#,#,#,#,FALSE,FALSE,0,u9?0,0
#melee_kill_meatball,0,0,0,0,0,FALSE,0,FALSE,&#,#,8#,FALSE,TRUE,FALSE,#,#,#,#,#,FALSE,FALSE,0,u9?0,0
#kill_spider,0,0,0,0,0,FALSE,0,FALSE,&#,#,8#,FALSE,TRUE,TRUE,#,#,#,#,#,FALSE,FALSE,0,u9?0,0
#hash_23b529057d99a961,0,100,100,0,5,FALSE,0,FALSE,&#,#,8#,FALSE,FALSE,FALSE,#,#,#,#,#,FALSE,FALSE,0,u9?0,0
#hash_30b346a88b685c20,0,100,100,0,20,FALSE,0,FALSE,&#,#,8#,FALSE,FALSE,FALSE,#,#,#,#,#,FALSE,FALSE,0,u9?0,0
#hash_2d107fe914687266,0,100,100,0,10,FALSE,0,FALSE,&#,#,8#,FALSE,FALSE,FALSE,#,#,#,#,#,FALSE,FALSE,0,u9?0,0
#hash_184aeeeadd8250b9,0,100,100,0,20,FALSE,0,FALSE,&#,#,8#,FALSE,FALSE,FALSE,#,#,#,#,#,FALSE,FALSE,0,u9?0,0
#hash_267ae92d864e6149,0,100,100,0,10,FALSE,0,FALSE,&#,#,8#,FALSE,TRUE,FALSE,#,#,#,#,#,FALSE,FALSE,0,u9?0,0
#hash_453e2ffc62797a01,0,100,100,0,10,FALSE,0,FALSE,&#,#,8#,FALSE,FALSE,FALSE,#,#,#,#,#,FALSE,FALSE,0,u9?0,0
#gadget_disruptor_affected,0,100,100,0,10,FALSE,0,FALSE,&#,#,8#,FALSE,FALSE,FALSE,#,#,#,#,#,FALSE,FALSE,0,u9?0,0
#gadget_firewall_enemy_damage,0,100,100,0,0.5,FALSE,0,FALSE,&#,#,8#,FALSE,FALSE,FALSE,#,#,#,#,#,FALSE,FALSE,0,u9?0,0
#hash_1ddc6e071ff239f7,0,100,100,0,10,FALSE,0,FALSE,&#,#,8#,FALSE,FALSE,FALSE,#,#,#,#,#,FALSE,FALSE,0,u9?0,0
#hash_4fe00a6874831e9,0,100,100,0,10,FALSE,0,FALSE,&#,#,8#,FALSE,FALSE,FALSE,#,#,#,#,#,FALSE,FALSE,0,u9?0,0
#hash_141c335e2dfc28a6,0,100,100,0,10,FALSE,0,FALSE,&#,#,8#,FALSE,FALSE,FALSE,#,#,#,#,#,FALSE,FALSE,0,u9?0,0
#hash_2583ec0330e5cc40,0,100,100,0,0.2,FALSE,0,FALSE,&#,#,8#,FALSE,FALSE,FALSE,#,#,#,#,#,FALSE,FALSE,0,u9?0,0
#hash_65038823bbc2d114,0,100,100,0,20,FALSE,0,FALSE,&#,#,8#,FALSE,FALSE,FALSE,#,#,#,#,#,FALSE,FALSE,0,u9?0,0
#hash_35bfc6849ac1dfc4,0,0,0,0,0,FALSE,0,FALSE,&#,#,8#,FALSE,FALSE,FALSE,#,#,#,#,#,FALSE,FALSE,0,u9?0,0
#radiating_enemy,0,0,0,0,0,FALSE,0,FALSE,&#,#,8#,FALSE,FALSE,FALSE,#,#,#,#,#,FALSE,FALSE,0,u9?0,0
#hash_4aa6c50579937968,0,0,0,0,0,FALSE,0,FALSE,&#,#,8#,FALSE,FALSE,FALSE,#,#,#,#,#,FALSE,FALSE,0,u9?0,0
#hash_4aa6c60579937b1b,0,0,0,0,0,FALSE,0,FALSE,&#,#,8#,FALSE,FALSE,FALSE,#,#,#,#,#,FALSE,FALSE,0,u9?0,0
#hash_4aa6cb057993839a,0,0,0,0,0,FALSE,0,FALSE,&#,#,8#,FALSE,FALSE,FALSE,#,#,#,#,#,FALSE,FALSE,0,u9?0,0
#hash_4aa6cc057993854d,0,0,0,0,0,FALSE,0,FALSE,&#,#,8#,FALSE,FALSE,FALSE,#,#,#,#,#,FALSE,FALSE,0,u9?0,0
#radiation_assist,0,0,0,0,0,FALSE,0,FALSE,&#,#,8#,FALSE,FALSE,FALSE,#,#,#,#,#,FALSE,FALSE,0,u9?0,0
#radiation_kill,0,0,0,0,0,FALSE,0,FALSE,&#,#,8#,FALSE,FALSE,FALSE,#,#,#,#,#,FALSE,FALSE,0,u9?0,0
#hash_66fe929b2c2234e9,0,0,0,0,0,FALSE,0,FALSE,&#,#,8#,FALSE,FALSE,FALSE,#,#,#,#,#,FALSE,FALSE,0,u9?0,0
#swat_grenade_threw,0,0,0,0,0,FALSE,0,FALSE,&#,#,8#,FALSE,FALSE,FALSE,#,#,#,#,#,FALSE,FALSE,0,u9?0,0
#swat_grenade_detonation,0,0,0,0,0,FALSE,0,FALSE,&#,#,8#,FALSE,FALSE,FALSE,#,#,#,#,#,FALSE,FALSE,0,u9?0,0
#battle_shield_activation,0,0,0,0,0,FALSE,0,FALSE,&#,#,8#,FALSE,FALSE,FALSE,#,#,#,#,#,FALSE,FALSE,0,u9?0,0
#battle_shield_fire,0,0,0,0,0,FALSE,0,FALSE,&#,#,8#,FALSE,FALSE,FALSE,#,#,#,#,#,FALSE,FALSE,0,u9?0,0
#cluster_semtex_threw,0,0,0,0,0,FALSE,0,FALSE,&#,#,8#,FALSE,FALSE,FALSE,#,#,#,#,#,FALSE,FALSE,0,u9?0,0
#cluster_semtex_detonations,0,0,0,0,0,FALSE,0,FALSE,&#,#,8#,FALSE,FALSE,FALSE,#,#,#,#,#,FALSE,FALSE,0,u9?0,0
#war_machine_activation,0,0,0,0,0,FALSE,0,FALSE,&#,#,8#,FALSE,FALSE,FALSE,#,#,#,#,#,FALSE,FALSE,0,u9?0,0
#war_machine_fired,0,0,0,0,0,FALSE,0,FALSE,&#,#,8#,FALSE,FALSE,FALSE,#,#,#,#,#,FALSE,FALSE,0,u9?0,0
#supply_pod_deployed,0,0,0,0,0,FALSE,0,FALSE,&#,#,8#,FALSE,FALSE,FALSE,#,#,#,#,#,FALSE,FALSE,0,u9?0,0
#molotov_cocktail_threw,0,0,0,0,0,FALSE,0,FALSE,&#,#,8#,FALSE,FALSE,FALSE,#,#,#,#,#,FALSE,FALSE,0,u9?0,0
#molotov_cocktail_exploded,0,0,0,0,0,FALSE,0,FALSE,&#,#,8#,FALSE,FALSE,FALSE,#,#,#,#,#,FALSE,FALSE,0,u9?0,0
#radiation_field_activated,0,0,0,0,0,FALSE,0,FALSE,&#,#,8#,FALSE,FALSE,FALSE,#,#,#,#,#,FALSE,FALSE,0,u9?0,0
#radiation_field_radiating_enemy,0,0,0,0,0,FALSE,0,FALSE,&#,#,8#,FALSE,FALSE,FALSE,#,#,#,#,#,FALSE,FALSE,0,u9?0,0
#seeker_mine_paralyze,0,0,0,0,0,FALSE,0,FALSE,&#,#,8#,FALSE,FALSE,FALSE,#,#,#,#,#,FALSE,FALSE,0,u9?0,0
#sensor_dart_deployed,0,0,0,0,0,FALSE,0,FALSE,&#,#,8#,FALSE,FALSE,FALSE,#,#,#,#,#,FALSE,FALSE,0,u9?0,0
#vision_pulse_activated,0,0,0,0,0,FALSE,0,FALSE,&#,#,8#,FALSE,FALSE,FALSE,#,#,#,#,#,FALSE,FALSE,0,u9?0,0
#grapple_gun_activated,0,0,0,0,0,FALSE,0,FALSE,&#,#,8#,FALSE,FALSE,FALSE,#,#,#,#,#,FALSE,FALSE,0,u9?0,0
#gravity_slam_activated,0,0,0,0,0,FALSE,0,FALSE,&#,#,8#,FALSE,FALSE,FALSE,#,#,#,#,#,FALSE,FALSE,0,u9?0,0
#spawn_beacon_deployed,0,0,0,0,0,FALSE,0,FALSE,&#,#,8#,FALSE,FALSE,FALSE,#,#,#,#,#,FALSE,FALSE,0,u9?0,0
#battle_command_activated,0,0,0,0,0,FALSE,0,FALSE,&#,#,8#,FALSE,FALSE,FALSE,#,#,#,#,#,FALSE,FALSE,0,u9?0,0
#annihilator_activated,0,0,0,0,0,FALSE,0,FALSE,&#,#,8#,FALSE,FALSE,FALSE,#,#,#,#,#,FALSE,FALSE,0,u9?0,0
#annihilator_fired,0,0,0,0,0,FALSE,0,FALSE,&#,#,8#,FALSE,FALSE,FALSE,#,#,#,#,#,FALSE,FALSE,0,u9?0,0
#concertina_wire_deployed,0,0,0,0,0,FALSE,0,FALSE,&#,#,8#,FALSE,FALSE,FALSE,#,#,#,#,#,FALSE,FALSE,0,u9?0,0
#automated_turret_deploy,0,0,0,0,0,FALSE,0,FALSE,&#,#,8#,FALSE,FALSE,FALSE,#,#,#,#,#,FALSE,FALSE,0,u9?0,0
#automated_turret_fire,0,0,0,0,0,FALSE,0,FALSE,&#,#,8#,FALSE,FALSE,FALSE,#,#,#,#,#,FALSE,FALSE,0,u9?0,0
#deployable_cover_deployed,0,0,0,0,0,FALSE,0,FALSE,&#,#,8#,FALSE,FALSE,FALSE,#,#,#,#,#,FALSE,FALSE,0,u9?0,0
#true,0,0,0,0,0,FALSE,0,FALSE,&#,#,8#,FALSE,FALSE,FALSE,#,#,#,#,#,FALSE,FALSE,0,u9?0,0